dataset,n,seed,arm,kappa_reselected,val_CatMRR,macroCatMRR,CatMRR,HR20,NDCG20
ml1m,1,42,SIT,0.05,0.30829,0.13853564668736962,0.29569864110420563,0.06500066873115978,0.028114327502077322
ml1m,1,42,PRIOR,0.05,0.19316,0.1468220651101778,0.17891062097706661,0.0402679039907818,0.019583635358115394
ml1m,1,43,SIT,0.05,0.29997,0.14288130796169335,0.2893889908549239,0.06391012253212482,0.027576407752613826
ml1m,1,43,PRIOR,0.05,0.27572,0.16854353646106135,0.2569967994860543,0.061759894649121905,0.027375280259188117
ml1m,1,44,SIT,0.05,0.2956,0.14038952813098468,0.2854674405544832,0.061698165618987846,0.02669978695548277
ml1m,1,44,PRIOR,0.05,0.16575,0.14388452692401396,0.15115286343326073,0.034619697733515774,0.017238298063881746
ml1m,1,45,SIT,0.05,0.30888,0.14107327634681716,0.2905597318803651,0.06423934402617311,0.02758829981354363
ml1m,1,45,PRIOR,0.05,0.29696,0.17778515215341023,0.27663223757038763,0.06424963219786212,0.028199054136273844
ml1m,1,46,SIT,0.05,0.30471,0.13897677538179465,0.29189124110189707,0.06036070329941666,0.026273452160157335
ml1m,1,46,PRIOR,0.05,0.23894,0.16070845167118336,0.22136112194359128,0.05252111647239169,0.024125140256975586
ml1m,2,42,SIT,0.05,0.38102,0.1417145073779517,0.35507100943046255,0.08545355404890997,0.03625429343291714
ml1m,2,42,PRIOR,0.05,0.40224,0.1940468236960177,0.37192591529135643,0.09480550211421929,0.039734498596530186
ml1m,2,43,SIT,0.05,0.38102,0.1417145073779517,0.35507100943046255,0.08545355404890997,0.03625429343291714
ml1m,2,43,PRIOR,0.05,0.40224,0.1940468236960177,0.37192591529135643,0.09480550211421929,0.039734498596530186
ml1m,2,44,SIT,0.05,0.38032,0.14529439401164615,0.3582680290680152,0.08703793248901738,0.03686363085031556
ml1m,2,44,PRIOR,0.05,0.40196,0.19352425247017974,0.3727096219456161,0.09512443543657857,0.039830893478614536
ml1m,2,45,SIT,0.05,0.37362,0.142754287908045,0.3535308711778858,0.08350908959968724,0.035683742675751855
ml1m,2,45,PRIOR,0.05,0.40166,0.19396177836700312,0.3717828058056969,0.09465117953888415,0.039695565737195064
ml1m,2,46,SIT,0.05,0.37362,0.142754287908045,0.3535308711778858,0.08350908959968724,0.035683742675751855
ml1m,2,46,PRIOR,0.05,0.40166,0.19396177836700312,0.3717828058056969,0.09465117953888415,0.039695565737195064
ml1m,3,42,SIT,0.05,0.40407,0.1565466889848435,0.3734982365788203,0.09872529552773177,0.0411343734884284
ml1m,3,42,PRIOR,0.05,0.42257,0.19672681627390126,0.3861189857511987,0.10686323933373801,0.04400523924517674
ml1m,3,43,SIT,0.05,0.40407,0.1565466889848435,0.3734982365788203,0.09872529552773177,0.0411343734884284
ml1m,3,43,PRIOR,0.05,0.42257,0.19672681627390126,0.3861189857511987,0.10686323933373801,0.04400523924517674
ml1m,3,44,SIT,0.05,0.40286,0.1532310363676867,0.37089660374705763,0.09748042675336166,0.040707672502361396
ml1m,3,44,PRIOR,0.05,0.42222,0.19674836550943484,0.3855829084380293,0.10693525653556106,0.04401307759810773
ml1m,3,45,SIT,0.05,0.40286,0.1532310363676867,0.37089660374705763,0.09748042675336166,0.040707672502361396
ml1m,3,45,PRIOR,0.05,0.42222,0.19674836550943484,0.3855829084380293,0.10693525653556106,0.04401307759810773
ml1m,3,46,SIT,0.05,0.40285,0.153227071031199,0.37091868463301814,0.09747013858167265,0.04070533019175432
ml1m,3,46,PRIOR,0.05,0.42222,0.1967528866491696,0.3855784073629153,0.10693525653556106,0.04401307759810773
ml1m,5,42,SIT,0.05,0.39605,0.16888927641324186,0.35275275043842935,0.10364304159507814,0.04283164930923556
ml1m,5,42,PRIOR,0.05,0.38348,0.20243942174435958,0.3448130187612475,0.10997026718381876,0.045493947937387307
ml1m,5,43,SIT,0.05,0.39613,0.16825883307458236,0.35276458858093834,0.1036018889083221,0.0428112623895823
ml1m,5,43,PRIOR,0.05,0.38352,0.20256841423391547,0.3448072410077181,0.10998055535550777,0.04549577234044321
ml1m,5,44,SIT,0.05,0.39641,0.1689661774364466,0.3531246037947846,0.10365332976676715,0.042838011301626996
ml1m,5,44,PRIOR,0.05,0.38348,0.2024380400866815,0.3448120642319136,0.10997026718381876,0.04549395548361122
ml1m,5,45,SIT,0.05,0.39604,0.16888678768621934,0.3527503999893016,0.10364304159507814,0.04283213014347916
ml1m,5,45,PRIOR,0.05,0.38349,0.2024268873701366,0.3448215100322267,0.10998055535550777,0.04549568676845212
ml1m,5,46,SIT,0.05,0.3964,0.16896248582713513,0.3531194652956666,0.10365332976676715,0.042838724513099606
ml1m,5,46,PRIOR,0.05,0.38349,0.20242789648047713,0.34481647502097207,0.10997026718381876,0.04549281321466935
ml1m,8,42,SIT,0.05,0.40561,0.1682074558825026,0.35681647218777707,0.10925009516558812,0.044609035881285
ml1m,8,42,PRIOR,0.05,0.42537,0.20108277511967282,0.3727674488958094,0.12155474850564306,0.04907715909860378
ml1m,8,43,SIT,0.05,0.40486,0.16735042323856925,0.3563172062864174,0.10892087367153983,0.044512008638061
ml1m,8,43,PRIOR,0.05,0.42568,0.20137423992076436,0.37329093682875736,0.12155474850564306,0.04907531166587149
ml1m,8,44,SIT,0.05,0.40484,0.16731705541012137,0.3562892124120573,0.1088900091564728,0.044502473331850236
ml1m,8,44,PRIOR,0.05,0.42566,0.2013783277917461,0.3732747781408186,0.12155474850564306,0.049076404475058746
ml1m,8,45,SIT,0.05,0.40481,0.16741177676435512,0.3562381348699542,0.1088900091564728,0.04449951446637766
ml1m,8,45,PRIOR,0.05,0.42569,0.20125615749872747,0.37333695025154634,0.12154446033395405,0.04906967878357473
ml1m,8,46,SIT,0.05,0.40485,0.16740686182953077,0.35622984846189104,0.1088900091564728,0.044499002964032267
ml1m,8,46,PRIOR,0.05,0.4257,0.2012566794132003,0.37333991568757124,0.12154446033395405,0.0490697040990617
ml1m,13,42,SIT,0.05,0.42923,0.1717694744195565,0.3677309668809142,0.11464109713062892,0.045711456123585
ml1m,13,42,PRIOR,0.05,0.45476,0.19474263444869808,0.3873646539164687,0.12428111400323048,0.049090973771820055
ml1m,13,43,SIT,0.05,0.42924,0.17176290824168394,0.3677188753100103,0.11464109713062892,0.04571164536927224
ml1m,13,43,PRIOR,0.05,0.45473,0.19473286610782295,0.3873456243301244,0.12425024948816346,0.04908464322777732
ml1m,13,44,SIT,0.05,0.42602,0.17145325941068157,0.3650399340697519,0.11370487350692908,0.04539673617171293
ml1m,13,44,PRIOR,0.05,0.45292,0.19458244231734811,0.38614061683120965,0.12409592691282832,0.049061661878403134
ml1m,13,45,SIT,0.05,0.42924,0.17176156736889192,0.36773172720512276,0.11464109713062892,0.04571081334762851
ml1m,13,45,PRIOR,0.05,0.45473,0.19474181648517666,0.3873641651365036,0.12428111400323048,0.04909095196579349
ml1m,13,46,SIT,0.05,0.4293,0.17188676759872826,0.3676242057143649,0.11467196164569594,0.045729003126975976
ml1m,13,46,PRIOR,0.05,0.45498,0.19473314230187463,0.38749801889906843,0.12428111400323048,0.04908999058884566
ml1m,21,42,SIT,0.05,0.45418,0.16984508990372918,0.3783081555108411,0.11440446918178171,0.04456444590776196
ml1m,21,42,PRIOR,0.05,0.4793,0.1835410597961319,0.39448564954669096,0.11948682599615222,0.045969928399448676
ml1m,21,43,SIT,0.05,0.45418,0.16985629383114864,0.3783379101712857,0.11441475735347072,0.04457240599986654
ml1m,21,43,PRIOR,0.05,0.47931,0.18354296481214682,0.39449855930887334,0.11948682599615222,0.04596972182089776
ml1m,21,44,SIT,0.05,0.45418,0.1698562450604497,0.3783377111317582,0.11441475735347072,0.04457240599986654
ml1m,21,44,PRIOR,0.05,0.47931,0.18354326792260645,0.39450024392178157,0.11948682599615222,0.04596972182089776
ml1m,21,45,SIT,0.05,0.45417,0.16985829419025233,0.3783433854343266,0.11440446918178171,0.04457031245545505
ml1m,21,45,PRIOR,0.05,0.47931,0.1835418107558403,0.3944818303905174,0.11949711416784123,0.0459708407316021
ml1m,21,46,SIT,0.05,0.45421,0.16983041695177603,0.37837455583782725,0.11444562186853774,0.04457588567749983
ml1m,21,46,PRIOR,0.05,0.47932,0.18354203629519072,0.39448758323752287,0.11950740233953024,0.045973193683065613
ml1m,all,42,SIT,0.05,0.43647,0.14984205352922586,0.4130517636160102,0.08744945935657775,0.03272319665115976
ml1m,all,42,PRIOR,0.05,0.4112,0.14239149094547274,0.3905195632033418,0.08327246165084003,0.031286907045994156
ml1m,all,43,SIT,0.05,0.43644,0.14986015173668826,0.41310067168123416,0.08744945935657775,0.03272319190696793
ml1m,all,43,PRIOR,0.05,0.4112,0.1423861919586598,0.3905115152503697,0.08325188530746201,0.0312828456025712
ml1m,all,44,SIT,0.05,0.43647,0.14984239605448663,0.4130489525771876,0.08744945935657775,0.03272340186542277
ml1m,all,44,PRIOR,0.05,0.4112,0.14239125740886913,0.3905194203120683,0.08327246165084003,0.031286907045994156
ml1m,all,45,SIT,0.05,0.43647,0.14984162439238716,0.41304825348794205,0.08744945935657775,0.03272304257099541
ml1m,all,45,PRIOR,0.05,0.4112,0.1423902428227669,0.3905187769534821,0.08327246165084003,0.031286907045994156
ml1m,all,46,SIT,0.05,0.43647,0.14984275978390615,0.4130505909887181,0.08744945935657775,0.03272353289034515
ml1m,all,46,PRIOR,0.05,0.4112,0.14239085775198754,0.39052000262086695,0.08327246165084003,0.031286907045994156
