gamma,depth,n,city,K,eps,ari_mean,ari_min,n_iters,secs
0.3,2,3,istanbul,8,0.01,0.5360324030158393,0.44486805308415145,66,82.7
0.3,2,3,bangkok,4,0.03,0.49063784097541535,0.4260337488470289,10,6.3
0.3,2,3,nyc_tist,6,0.02,0.9985806271262284,0.9978709406893428,80,9.1
0.3,2,3,saopaulo,8,0.02,0.593438625717413,0.5018424867819671,42,8.9
0.3,2,3,tokyo_tist,4,0.05,0.675302965889078,0.5317211971568577,39,17.2
0.3,2,5,istanbul,8,0.01,0.5554298684763145,0.40583844616939896,63,73.3
0.3,2,5,bangkok,4,0.03,0.7436711687274017,0.6155067530911025,14,5.6
0.3,2,5,nyc_tist,6,0.02,0.9920351174942265,0.9890516446438995,80,8.3
0.3,2,5,saopaulo,8,0.02,0.7512263830441469,0.6866865131621466,80,14.2
0.3,2,5,tokyo_tist,4,0.05,0.7697844315401848,0.655421345758778,32,13.4
0.3,2,7,istanbul,8,0.01,0.6409920354674318,0.5984840355231222,44,55.1
0.3,2,7,bangkok,4,0.03,0.689408886421688,0.5341690712025251,11,5.1
0.3,2,7,nyc_tist,6,0.02,0.9038773863780222,0.8581046561495106,57,6.4
0.3,2,7,saopaulo,8,0.02,0.650077274985236,0.5559778393758551,40,7.9
0.3,2,7,tokyo_tist,4,0.05,0.5050997500269521,0.2978125447521629,55,20.0
0.3,2,10,istanbul,8,0.01,0.6222965300273181,0.5263383265505295,34,45.5
0.3,2,10,bangkok,4,0.03,0.5515479703418519,0.3274025079627511,24,7.6
0.3,2,10,nyc_tist,6,0.02,0.9919942357526512,0.9879924717606502,80,8.4
0.3,2,10,saopaulo,8,0.02,0.8668781319853273,0.8463130956212617,23,5.5
0.3,2,10,tokyo_tist,4,0.05,0.5530555864636405,0.535432049102526,31,13.3
0.3,3,3,istanbul,8,0.01,0.6746799401853608,0.5619797482038047,80,90.2
0.3,3,3,bangkok,4,0.03,0.8297657021182445,0.7744166802932549,17,6.2
0.3,3,3,nyc_tist,6,0.02,0.8193477646003414,0.7290216469005123,59,6.6
0.3,3,3,saopaulo,8,0.02,0.8987879404447218,0.8491398929246433,58,10.6
0.3,3,3,tokyo_tist,4,0.05,0.7843716190116199,0.6765574285174297,33,13.5
0.3,3,5,istanbul,8,0.01,0.5175031868194585,0.4502223420278839,55,65.8
0.3,3,5,bangkok,4,0.03,0.6449706571558507,0.47047764659216645,12,5.3
0.3,3,5,nyc_tist,6,0.02,0.893990343881725,0.8409855158225875,18,3.0
0.3,3,5,saopaulo,8,0.02,0.7296483797958722,0.6031144667230407,63,11.3
0.3,3,5,tokyo_tist,4,0.05,1.0,1.0,11,7.5
0.3,3,7,istanbul,8,0.01,0.7219440685866086,0.7078517346665668,51,62.5
0.3,3,7,bangkok,4,0.03,0.8481288738469225,0.7721933107703839,25,7.4
0.3,3,7,nyc_tist,6,0.02,0.9998013621904639,0.9997020432856958,22,3.4
0.3,3,7,saopaulo,8,0.02,0.6399507782248347,0.5270693213564656,80,14.1
0.3,3,7,tokyo_tist,4,0.05,0.9445988477556829,0.9168982716335242,33,13.8
0.3,3,10,istanbul,8,0.01,0.609295881495126,0.5014202916059344,63,74.3
0.3,3,10,bangkok,4,0.03,0.6473339854891096,0.4710009782336644,12,5.3
0.3,3,10,nyc_tist,6,0.02,0.8700068240537927,0.8050102360806889,18,3.1
0.3,3,10,saopaulo,8,0.02,0.9673092541047947,0.9622601079496114,80,14.0
0.3,3,10,tokyo_tist,4,0.05,0.9446362960066045,0.9169544440099067,33,13.3
0.3,4,3,istanbul,8,0.01,0.58839337318234,0.557380452910454,21,32.7
0.3,4,3,bangkok,4,0.03,0.7306700726483157,0.6993712172807696,13,5.5
0.3,4,3,nyc_tist,6,0.02,0.8270834691888611,0.7408246794889154,13,2.6
0.3,4,3,saopaulo,8,0.02,0.6118369532006097,0.46776319563009505,80,14.3
0.3,4,3,tokyo_tist,4,0.05,0.6289497372103213,0.45241327428568556,13,8.0
0.3,4,5,istanbul,8,0.01,0.6669645574969293,0.5617574077383056,52,63.5
0.3,4,5,bangkok,4,0.03,0.47391802154353374,0.28628345283580187,19,6.6
0.3,4,5,nyc_tist,6,0.02,0.8973723876915308,0.8460585815372964,44,5.3
0.3,4,5,saopaulo,8,0.02,0.9575171950603362,0.9368793167712387,80,13.9
0.3,4,5,tokyo_tist,4,0.05,0.8365206473299126,0.7590253519195259,58,20.8
0.3,4,7,istanbul,8,0.01,0.7383289500480329,0.677297820812609,39,50.4
0.3,4,7,bangkok,4,0.03,0.6492115483349358,0.4738173225024036,21,6.9
0.3,4,7,nyc_tist,6,0.02,0.8027389283811283,0.7335262470372824,18,3.0
0.3,4,7,saopaulo,8,0.02,0.7147199887585115,0.6417791268377097,73,13.0
0.3,4,7,tokyo_tist,4,0.05,0.5436204026994825,0.5127650068917805,36,14.6
0.3,4,10,istanbul,8,0.01,0.6465332292727504,0.5487737391348272,37,48.2
0.3,4,10,bangkok,4,0.03,0.8572439791768222,0.7859895599421732,15,5.7
0.3,4,10,nyc_tist,6,0.02,0.6620687630484128,0.5232258928719598,17,3.0
0.3,4,10,saopaulo,8,0.02,0.7249467144753364,0.6100764554381478,80,14.1
0.3,4,10,tokyo_tist,4,0.05,0.7338088392844196,0.6007132589266295,37,15.0
0.3,5,3,istanbul,8,0.01,0.6514963319786305,0.587586630995057,28,39.3
0.3,5,3,bangkok,4,0.03,0.853830107020365,0.7808044024864451,13,5.5
0.3,5,3,nyc_tist,6,0.02,0.7949437151528547,0.7163331757973105,80,8.4
0.3,5,3,saopaulo,8,0.02,0.8792643546221571,0.8310995771095205,50,9.4
0.3,5,3,tokyo_tist,4,0.05,0.9998733489733996,0.9998100242342923,13,8.3
0.3,5,5,istanbul,8,0.01,0.5803123804874256,0.5068296372414549,45,55.4
0.3,5,5,bangkok,4,0.03,0.8555592529332583,0.783339360794749,18,6.3
0.3,5,5,nyc_tist,6,0.02,0.8100511677806903,0.715247223915977,48,5.7
0.3,5,5,saopaulo,8,0.02,0.6310387773786702,0.4825685187715279,23,5.6
0.3,5,5,tokyo_tist,4,0.05,0.7643418988655201,0.6465128482982799,33,14.0
0.3,5,7,istanbul,8,0.01,0.7424726817156788,0.7247890762472099,39,49.0
0.3,5,7,bangkok,4,0.03,0.6042897303404068,0.5051315933803749,20,6.7
0.3,5,7,nyc_tist,6,0.02,0.8148179467482076,0.7223847515248633,25,3.6
0.3,5,7,saopaulo,8,0.02,0.7701283791270782,0.6928353577212817,29,6.5
0.3,5,7,tokyo_tist,4,0.05,0.7823457556108808,0.6784666417647122,58,20.9
0.3,5,10,istanbul,8,0.01,0.6733992959469207,0.5245532169200559,37,48.6
0.3,5,10,bangkok,4,0.03,0.9333211096806422,0.9001215334201823,13,5.6
0.3,5,10,nyc_tist,6,0.02,0.6944131039455831,0.5422822338312075,30,4.1
0.3,5,10,saopaulo,8,0.02,0.653106819750183,0.521643147485247,40,8.1
0.3,5,10,tokyo_tist,4,0.05,0.7854482930206662,0.6785489385953496,58,20.8
0.4,2,3,istanbul,8,0.01,0.6680509623835653,0.5550859872857318,48,59.5
0.4,2,3,bangkok,4,0.03,0.7329212211269042,0.6633260559065843,10,4.9
0.4,2,3,nyc_tist,6,0.02,0.725347419080272,0.6460247852344739,35,4.4
0.4,2,3,saopaulo,8,0.02,0.6321784289395396,0.5730771541876741,63,11.6
0.4,2,3,tokyo_tist,4,0.05,0.8960183748241738,0.8440275622362609,10,7.1
0.4,2,5,istanbul,8,0.01,0.6948563968625553,0.5995180192246381,49,59.5
0.4,2,5,bangkok,4,0.03,0.6948659964751797,0.5426177848725429,15,5.8
0.4,2,5,nyc_tist,6,0.02,0.9917143972349033,0.9879630428128592,80,8.3
0.4,2,5,saopaulo,8,0.02,0.7050305482491157,0.5575631479405079,27,6.2
0.4,2,5,tokyo_tist,4,0.05,0.6236145837072476,0.5427292922010848,31,13.1
0.4,2,7,istanbul,8,0.01,0.6248269248074746,0.49165539071090325,58,69.5
0.4,2,7,bangkok,4,0.03,0.7494740973096836,0.6242689955752581,13,5.4
0.4,2,7,nyc_tist,6,0.02,0.8963058625332162,0.8452682519566919,58,6.5
0.4,2,7,saopaulo,8,0.02,0.985995943101277,0.9793257214936514,26,5.9
0.4,2,7,tokyo_tist,4,0.05,0.7742807596084708,0.6614211394127061,37,14.5
0.4,2,10,istanbul,8,0.01,0.8599440622071676,0.7901334528742964,34,44.4
0.4,2,10,bangkok,4,0.03,0.5008550269539002,0.4400468349740402,24,7.5
0.4,2,10,nyc_tist,6,0.02,0.8190541768735465,0.7285812653103199,60,6.6
0.4,2,10,saopaulo,8,0.02,0.7049676918163721,0.6431895577511345,22,5.4
0.4,2,10,tokyo_tist,4,0.05,0.6709857665489704,0.549269610386054,56,20.1
0.4,3,3,istanbul,8,0.01,0.6293486232979988,0.4956103706622844,45,56.0
0.4,3,3,bangkok,4,0.03,0.5724526782289907,0.35943690972014497,59,13.2
0.4,3,3,nyc_tist,6,0.02,0.997076258554909,0.9956143878323636,14,2.7
0.4,3,3,saopaulo,8,0.02,0.6815762826651014,0.5520604113033778,59,10.9
0.4,3,3,tokyo_tist,4,0.05,0.7856884120352827,0.678532618052924,32,13.4
0.4,3,5,istanbul,8,0.01,0.6911975645589227,0.6038249482860558,36,47.4
0.4,3,5,bangkok,4,0.03,0.5072370449981554,0.46415798265082997,39,9.9
0.4,3,5,nyc_tist,6,0.02,0.5621536931215573,0.39244541078096207,20,3.2
0.4,3,5,saopaulo,8,0.02,0.68986496684757,0.5499879567172494,80,13.9
0.4,3,5,tokyo_tist,4,0.05,0.7198762817980433,0.579814422697065,37,14.7
0.4,3,7,istanbul,8,0.01,0.5623746760063514,0.44402784098140424,23,34.4
0.4,3,7,bangkok,4,0.03,0.7126102290625745,0.5703379306269164,58,12.6
0.4,3,7,nyc_tist,6,0.02,0.7709628201364768,0.656500909927815,26,3.7
0.4,3,7,saopaulo,8,0.02,0.6622487096132531,0.5580351808612671,40,8.2
0.4,3,7,tokyo_tist,4,0.05,0.5046972281807132,0.3098485987624881,80,26.4
0.4,3,10,istanbul,8,0.01,0.6271622648197853,0.5700451999637275,40,51.2
0.4,3,10,bangkok,4,0.03,0.7847196915653759,0.6778777756114147,55,12.6
0.4,3,10,nyc_tist,6,0.02,0.7346157012062058,0.6162929989747024,42,5.1
0.4,3,10,saopaulo,8,0.02,0.7924454056612644,0.7044713421123946,59,11.1
0.4,3,10,tokyo_tist,4,0.05,0.7336887639533698,0.6005331459300546,35,14.3
0.4,4,3,istanbul,8,0.01,0.724276288759885,0.6626404110637882,34,47.7
0.4,4,3,bangkok,4,0.03,0.7888104184484899,0.6833682448036307,14,6.2
0.4,4,3,nyc_tist,6,0.02,0.4831486256045856,0.39385109376298466,20,3.5
0.4,4,3,saopaulo,8,0.02,0.6488162121215427,0.5521136176289343,30,7.6
0.4,4,3,tokyo_tist,4,0.05,0.7328371523689311,0.5992557285533965,36,15.0
0.4,4,5,istanbul,8,0.01,0.5085676418840429,0.3640691493683092,44,55.2
0.4,4,5,bangkok,4,0.03,0.8004920646322763,0.7007380969484144,23,7.4
0.4,4,5,nyc_tist,6,0.02,0.7451465141472293,0.7115957613814284,22,3.5
0.4,4,5,saopaulo,8,0.02,0.7563271352025797,0.6347062668758094,58,11.1
0.4,4,5,tokyo_tist,4,0.05,0.6806383227155264,0.5209574840732895,11,7.8
0.4,4,7,istanbul,8,0.01,0.5437977135975207,0.4622910931011047,34,46.0
0.4,4,7,bangkok,4,0.03,0.6538809257551996,0.4808213886327994,30,8.6
0.4,4,7,nyc_tist,6,0.02,0.8721558672165397,0.8084124331200031,18,3.2
0.4,4,7,saopaulo,8,0.02,0.6913980926499385,0.5569809651506309,60,11.6
0.4,4,7,tokyo_tist,4,0.05,1.0,1.0,14,8.5
0.4,4,10,istanbul,8,0.01,0.5825697979073192,0.4814172420691061,34,45.0
0.4,4,10,bangkok,4,0.03,0.6795865420932191,0.5632807134134488,22,7.2
0.4,4,10,nyc_tist,6,0.02,0.9995227790957898,0.9992842445633416,24,3.6
0.4,4,10,saopaulo,8,0.02,0.9166359683882076,0.8842386179402641,68,12.1
0.4,4,10,tokyo_tist,4,0.05,0.5888572296792228,0.39579007521228293,16,9.2
0.4,5,3,istanbul,8,0.01,0.7183893116547448,0.6752329139707087,22,32.9
0.4,5,3,bangkok,4,0.03,0.9998972650765009,0.9998458976757917,10,5.2
0.4,5,3,nyc_tist,6,0.02,0.7276231299073533,0.6959302585784074,25,4.0
0.4,5,3,saopaulo,8,0.02,0.5978243695897146,0.543654801804119,39,8.4
0.4,5,3,tokyo_tist,4,0.05,1.0,1.0,15,8.8
0.4,5,5,istanbul,8,0.01,0.6402691819037566,0.5169926743714127,28,40.2
0.4,5,5,bangkok,4,0.03,0.7850569420206345,0.6775986821289706,12,5.8
0.4,5,5,nyc_tist,6,0.02,0.8092824565120633,0.7140596389467209,19,3.4
0.4,5,5,saopaulo,8,0.02,0.6524853988100269,0.573404451678923,44,8.7
0.4,5,5,tokyo_tist,4,0.05,0.7749832208498669,0.6861568220077735,59,20.8
0.4,5,7,istanbul,8,0.01,0.68921501558675,0.6523543698950804,35,46.8
0.4,5,7,bangkok,4,0.03,0.8490820732407505,0.7736231098611256,23,7.2
0.4,5,7,nyc_tist,6,0.02,0.6031873986738817,0.43195242258511934,18,3.1
0.4,5,7,saopaulo,8,0.02,0.6980187844195388,0.5895672682618027,50,9.5
0.4,5,7,tokyo_tist,4,0.05,0.5534793338499081,0.35086776971239625,61,21.9
0.4,5,10,istanbul,8,0.01,0.6129328370986964,0.5527064254399396,26,37.1
0.4,5,10,bangkok,4,0.03,0.8488989488041204,0.7733484232061807,23,7.7
0.4,5,10,nyc_tist,6,0.02,0.5567530132067927,0.43837114065442967,23,3.8
0.4,5,10,saopaulo,8,0.02,0.5972269425717067,0.5279622924685737,44,9.4
0.4,5,10,tokyo_tist,4,0.05,0.7217419547719522,0.5826235915790743,39,16.2
0.5,2,3,istanbul,8,0.01,0.6217781232518982,0.5244735233189012,60,72.9
0.5,2,3,bangkok,4,0.03,0.6813137784255643,0.6202034891474539,10,5.2
0.5,2,3,nyc_tist,6,0.02,0.7962411494397766,0.6946035140383581,36,4.7
0.5,2,3,saopaulo,8,0.02,0.8079676800072167,0.7700979854429947,25,5.9
0.5,2,3,tokyo_tist,4,0.05,0.7294863475523767,0.6147488219573013,58,20.7
0.5,2,5,istanbul,8,0.01,0.38262118529648054,0.29865306475294584,52,63.0
0.5,2,5,bangkok,4,0.03,0.5948887987046116,0.4675487208830452,12,5.4
0.5,2,5,nyc_tist,6,0.02,0.7548925427765477,0.7236362566744708,39,5.0
0.5,2,5,saopaulo,8,0.02,0.9176362707087504,0.87696226754706,23,5.5
0.5,2,5,tokyo_tist,4,0.05,0.5115971251046348,0.32969667033907496,61,22.0
0.5,2,7,istanbul,8,0.01,0.6292779637695363,0.6072851309106665,44,56.4
0.5,2,7,bangkok,4,0.03,0.762046703813008,0.6436172723448426,16,6.2
0.5,2,7,nyc_tist,6,0.02,0.6969679177969845,0.6332560531551852,37,4.9
0.5,2,7,saopaulo,8,0.02,1.0,1.0,29,6.5
0.5,2,7,tokyo_tist,4,0.05,0.8203304774287011,0.7730914359983138,36,14.6
0.5,2,10,istanbul,8,0.01,0.6516673086532324,0.5458400412066132,32,43.6
0.5,2,10,bangkok,4,0.03,0.6952675357041808,0.5435849484339231,19,7.0
0.5,2,10,nyc_tist,6,0.02,0.7270391847893425,0.6960731694365405,38,5.2
0.5,2,10,saopaulo,8,0.02,0.6529253942358982,0.5583164254276692,29,6.9
0.5,2,10,tokyo_tist,4,0.05,0.6589983980373845,0.49976372499156446,60,21.4
0.5,3,3,istanbul,8,0.01,0.7841802721476752,0.7259579428751147,22,33.3
0.5,3,3,bangkok,4,0.03,0.6113134151132628,0.4173268089841282,80,18.1
0.5,3,3,nyc_tist,6,0.02,0.7900565491129337,0.6850848236694005,21,3.6
0.5,3,3,saopaulo,8,0.02,0.6072041755394824,0.5182543294195333,60,11.9
0.5,3,3,tokyo_tist,4,0.05,0.9029674709679654,0.8672098105199599,56,20.3
0.5,3,5,istanbul,8,0.01,0.4944196039589917,0.46682955990400465,50,63.1
0.5,3,5,bangkok,4,0.03,0.6083889166623854,0.49836241862788266,34,9.6
0.5,3,5,nyc_tist,6,0.02,0.6976622689413569,0.6188764242578242,36,5.0
0.5,3,5,saopaulo,8,0.02,0.6632954910761928,0.623887063741472,80,14.6
0.5,3,5,tokyo_tist,4,0.05,0.7831539959779829,0.6768274024464231,56,20.4
0.5,3,7,istanbul,8,0.01,0.5830348518590521,0.44910414598168497,44,56.1
0.5,3,7,bangkok,4,0.03,0.8221879928081846,0.733501654188166,59,14.2
0.5,3,7,nyc_tist,6,0.02,0.9992517072690612,0.9988776791268823,20,3.4
0.5,3,7,saopaulo,8,0.02,0.7706359259668626,0.6564336955793763,31,7.0
0.5,3,7,tokyo_tist,4,0.05,0.934477418223944,0.9017161273359159,37,14.6
0.5,3,10,istanbul,8,0.01,0.5843179354399819,0.5038187568927336,26,38.2
0.5,3,10,bangkok,4,0.03,0.5733897954136646,0.36136208270155534,80,17.9
0.5,3,10,nyc_tist,6,0.02,0.677675925574731,0.5970715793574,37,5.1
0.5,3,10,saopaulo,8,0.02,0.6078297327124879,0.5556825230919825,80,15.0
0.5,3,10,tokyo_tist,4,0.05,0.9044495064979249,0.8633604029582449,57,20.6
0.5,4,3,istanbul,8,0.01,0.5612366201498392,0.4605334984150891,37,49.6
0.5,4,3,bangkok,4,0.03,0.999677575410522,0.999516363115783,80,17.6
0.5,4,3,nyc_tist,6,0.02,0.8215575054051638,0.7616920951154496,27,4.1
0.5,4,3,saopaulo,8,0.02,0.7463185710599968,0.6204352350244888,80,15.1
0.5,4,3,tokyo_tist,4,0.05,0.7779387128913214,0.666994898579755,37,16.0
0.5,4,5,istanbul,8,0.01,0.5956583469145263,0.5671554668761426,33,48.1
0.5,4,5,bangkok,4,0.03,0.8657654271944226,0.7994081284978511,35,9.9
0.5,4,5,nyc_tist,6,0.02,0.6869533757965537,0.6220104702355033,18,3.3
0.5,4,5,saopaulo,8,0.02,0.7412169795784148,0.626388489212408,80,15.1
0.5,4,5,tokyo_tist,4,0.05,0.8435618743330292,0.7653428114995438,36,14.6
0.5,4,7,istanbul,8,0.01,0.636392265702094,0.5138434228386014,21,32.1
0.5,4,7,bangkok,4,0.03,0.6301240271606839,0.5362712046597898,34,9.5
0.5,4,7,nyc_tist,6,0.02,0.8081624622630746,0.7391980536480239,17,3.4
0.5,4,7,saopaulo,8,0.02,0.9594234887235542,0.9391378704073245,28,6.7
0.5,4,7,tokyo_tist,4,0.05,0.7778696875855048,0.6668045313782571,36,14.7
0.5,4,10,istanbul,8,0.01,0.7858184847900272,0.7632335728694,29,41.9
0.5,4,10,bangkok,4,0.03,0.6899027354160934,0.5354135645114009,57,13.4
0.5,4,10,nyc_tist,6,0.02,0.8243463340442583,0.7384305274416059,17,3.2
0.5,4,10,saopaulo,8,0.02,0.5436880893201389,0.5073946569060862,33,7.3
0.5,4,10,tokyo_tist,4,0.05,0.6077189641737403,0.4138669741541373,44,16.8
0.5,5,3,istanbul,8,0.01,0.7092408227838631,0.6330290242024247,47,60.7
0.5,5,3,bangkok,4,0.03,0.5415689752470133,0.36236470926261666,21,7.5
0.5,5,3,nyc_tist,6,0.02,0.6062101060276053,0.5016643510204608,18,3.3
0.5,5,3,saopaulo,8,0.02,0.5722672157513956,0.4519069479810932,28,6.6
0.5,5,3,tokyo_tist,4,0.05,0.7869876057086677,0.6826023893748113,57,20.8
0.5,5,5,istanbul,8,0.01,0.6001777239027005,0.5434915762401424,44,57.1
0.5,5,5,bangkok,4,0.03,0.9999014269827328,0.9998521404740991,12,5.7
0.5,5,5,nyc_tist,6,0.02,0.6321593245711051,0.5363780922120474,33,4.7
0.5,5,5,saopaulo,8,0.02,0.6529306822417981,0.5390647254019197,46,9.5
0.5,5,5,tokyo_tist,4,0.05,0.7246529590827686,0.5869794386241528,45,17.4
0.5,5,7,istanbul,8,0.01,0.457598407474459,0.29587515373256645,32,44.4
0.5,5,7,bangkok,4,0.03,0.8604617601381973,0.7908022771989308,19,6.8
0.5,5,7,nyc_tist,6,0.02,0.6039339031786959,0.4863941875595568,35,4.8
0.5,5,7,saopaulo,8,0.02,0.7252993249977419,0.6661752586649712,34,7.8
0.5,5,7,tokyo_tist,4,0.05,0.7284875211789624,0.5927312817684436,36,14.5
0.5,5,10,istanbul,8,0.01,0.5671084489974044,0.41570390222760206,56,72.0
0.5,5,10,bangkok,4,0.03,0.7734422412090093,0.6602215216201623,27,8.5
0.5,5,10,nyc_tist,6,0.02,0.64484591212124,0.5375127727489917,40,5.3
0.5,5,10,saopaulo,8,0.02,0.647778458542095,0.5013933129502888,41,8.7
0.5,5,10,tokyo_tist,4,0.05,0.7730508830559103,0.6851800030678669,40,15.9
0.6,2,3,istanbul,8,0.01,0.8183340985269392,0.8091007395600148,61,73.9
0.6,2,3,bangkok,4,0.03,0.6403475503487361,0.5122647477209649,11,5.4
0.6,2,3,nyc_tist,6,0.02,0.6940614072914583,0.6776297155606976,39,5.1
0.6,2,3,saopaulo,8,0.02,0.6157018642205684,0.5354551785416343,21,5.3
0.6,2,3,tokyo_tist,4,0.05,0.6314235242314793,0.4471352863472189,57,20.2
0.6,2,5,istanbul,8,0.01,0.5224011500201248,0.41932783245415484,60,74.0
0.6,2,5,bangkok,4,0.03,0.8060867309426659,0.7091464244730946,23,7.5
0.6,2,5,nyc_tist,6,0.02,0.686647980204949,0.5863226755332003,42,5.3
0.6,2,5,saopaulo,8,0.02,0.6747637934544043,0.5873159391514859,38,7.9
0.6,2,5,tokyo_tist,4,0.05,0.9022872745600993,0.8534309118401489,11,7.6
0.6,2,7,istanbul,8,0.01,0.5667493229402466,0.4933819509890936,70,84.0
0.6,2,7,bangkok,4,0.03,0.6326492746495807,0.45079667950027535,17,6.5
0.6,2,7,nyc_tist,6,0.02,0.5855861806218413,0.5316463916479718,40,5.1
0.6,2,7,saopaulo,8,0.02,0.8991312975226972,0.8486996363050839,30,6.9
0.6,2,7,tokyo_tist,4,0.05,0.7598908084309048,0.6398362126463574,33,13.6
0.6,2,10,istanbul,8,0.01,0.6136154798591545,0.45461420541513536,28,39.6
0.6,2,10,bangkok,4,0.03,0.5956795416318122,0.5877984985518869,18,7.0
0.6,2,10,nyc_tist,6,0.02,0.6515038891868096,0.6256969591966093,37,5.1
0.6,2,10,saopaulo,8,0.02,0.8168155362921118,0.7699709946928973,29,6.8
0.6,2,10,tokyo_tist,4,0.05,0.7421817119256581,0.6132725678884873,34,14.1
0.6,3,3,istanbul,8,0.01,0.831157982016005,0.7467369730240074,53,65.6
0.6,3,3,bangkok,4,0.03,0.6707370137014147,0.5998338844908934,35,9.7
0.6,3,3,nyc_tist,6,0.02,0.6420460515211156,0.6035413030139495,15,3.0
0.6,3,3,saopaulo,8,0.02,0.8169353773397146,0.7974574824535122,45,9.1
0.6,3,3,tokyo_tist,4,0.05,0.7594388389193178,0.6975422393375029,32,13.4
0.6,3,5,istanbul,8,0.01,0.6620103009356201,0.615147484103684,48,61.0
0.6,3,5,bangkok,4,0.03,0.9978007079645691,0.9967010619468537,80,17.6
0.6,3,5,nyc_tist,6,0.02,0.9163343239054861,0.8745014858582293,80,8.9
0.6,3,5,saopaulo,8,0.02,0.7900409139972662,0.7020744605753401,58,11.1
0.6,3,5,tokyo_tist,4,0.05,0.7719040314508508,0.6742415722221388,56,20.3
0.6,3,7,istanbul,8,0.01,0.5718146958986607,0.5348312284478204,24,35.8
0.6,3,7,bangkok,4,0.03,0.9982749360030795,0.9974124040046192,80,18.6
0.6,3,7,nyc_tist,6,0.02,0.7312199721212634,0.6084964084722911,22,3.6
0.6,3,7,saopaulo,8,0.02,0.7051700229810335,0.625361777164051,27,6.5
0.6,3,7,tokyo_tist,4,0.05,0.785423195536544,0.6798467892742599,58,21.7
0.6,3,10,istanbul,8,0.01,0.6839094485483524,0.5799078894076307,25,36.2
0.6,3,10,bangkok,4,0.03,0.8087402231310575,0.7134498683939191,80,18.0
0.6,3,10,nyc_tist,6,0.02,0.921874665369787,0.8829918412145473,42,5.5
0.6,3,10,saopaulo,8,0.02,0.6784214164987247,0.5697228139340272,62,12.4
0.6,3,10,tokyo_tist,4,0.05,1.0,1.0,10,7.2
0.6,4,3,istanbul,8,0.01,0.5006107474808997,0.478048555353435,32,43.8
0.6,4,3,bangkok,4,0.03,0.8247277694670182,0.7370916542005272,60,14.2
0.6,4,3,nyc_tist,6,0.02,0.7470345158351113,0.6286491900522823,32,4.6
0.6,4,3,saopaulo,8,0.02,0.6646338010436755,0.5384756214570273,42,8.7
0.6,4,3,tokyo_tist,4,0.05,0.8425609335335538,0.763975977919561,57,20.9
0.6,4,5,istanbul,8,0.01,0.5976273292530578,0.5542249500442685,51,65.0
0.6,4,5,bangkok,4,0.03,0.5143191144885408,0.3893962278027385,15,6.5
0.6,4,5,nyc_tist,6,0.02,0.602812502159787,0.4798878987081119,27,4.1
0.6,4,5,saopaulo,8,0.02,0.897136993121979,0.8631636856406745,61,11.5
0.6,4,5,tokyo_tist,4,0.05,0.77685624968107,0.665284374521605,33,13.9
0.6,4,7,istanbul,8,0.01,0.5369348184014321,0.5192893282761538,31,43.9
0.6,4,7,bangkok,4,0.03,0.8730757477133322,0.8096149098520713,62,14.4
0.6,4,7,nyc_tist,6,0.02,0.7395462062779661,0.6093925981321348,16,3.1
0.6,4,7,saopaulo,8,0.02,0.7082904376648901,0.6315950574864294,33,7.5
0.6,4,7,tokyo_tist,4,0.05,0.7417208235615274,0.6125812353422911,42,16.6
0.6,4,10,istanbul,8,0.01,0.6601978419835948,0.5347254940840607,38,50.6
0.6,4,10,bangkok,4,0.03,0.5500022825488774,0.39857602549908633,24,8.0
0.6,4,10,nyc_tist,6,0.02,0.6548113596114807,0.5941839557604994,25,4.0
0.6,4,10,saopaulo,8,0.02,0.772044980389821,0.6693151938772351,21,5.5
0.6,4,10,tokyo_tist,4,0.05,0.8433726677536914,0.765059001630537,34,14.5
0.6,5,3,istanbul,8,0.01,0.5620454587422355,0.463968814062789,28,40.9
0.6,5,3,bangkok,4,0.03,0.863368231964845,0.7953928380281698,23,7.7
0.6,5,3,nyc_tist,6,0.02,0.566396574596283,0.5019795490039658,22,3.7
0.6,5,3,saopaulo,8,0.02,0.8160478209514888,0.7251271189531813,18,4.9
0.6,5,3,tokyo_tist,4,0.05,1.0,1.0,20,10.3
0.6,5,5,istanbul,8,0.01,0.6902740388332607,0.58765626183228,25,36.3
0.6,5,5,bangkok,4,0.03,0.7115361449675954,0.5675694575692835,15,6.2
0.6,5,5,nyc_tist,6,0.02,0.9958560253331563,0.9937854657257253,28,4.2
0.6,5,5,saopaulo,8,0.02,0.7402967032874752,0.6323614179228352,43,9.1
0.6,5,5,tokyo_tist,4,0.05,1.0,1.0,21,10.7
0.6,5,7,istanbul,8,0.01,0.7587671044834196,0.6816128108341205,40,53.6
0.6,5,7,bangkok,4,0.03,0.9985840920839936,0.9978761415841241,12,5.4
0.6,5,7,nyc_tist,6,0.02,0.9992615995598166,0.9988923993397248,28,4.2
0.6,5,7,saopaulo,8,0.02,0.7469806081725862,0.6205673248779762,24,5.9
0.6,5,7,tokyo_tist,4,0.05,0.5186257988062143,0.31513653528014496,80,26.9
0.6,5,10,istanbul,8,0.01,0.5349298170773272,0.49308173923940246,36,48.9
0.6,5,10,bangkok,4,0.03,0.47981739319579614,0.3851780564419805,20,7.4
0.6,5,10,nyc_tist,6,0.02,0.7385119563809198,0.6084202145678362,29,4.4
0.6,5,10,saopaulo,8,0.02,0.8740132720822156,0.8200734528652197,44,9.0
0.6,5,10,tokyo_tist,4,0.05,0.768176959816136,0.652265439724204,38,15.3
0.7,2,3,istanbul,8,0.01,0.625386522904983,0.4702656973740755,19,31.3
0.7,2,3,bangkok,4,0.03,0.7973917468648352,0.6964553755384432,22,7.4
0.7,2,3,nyc_tist,6,0.02,0.7811186083866262,0.6925003970984545,63,7.5
0.7,2,3,saopaulo,8,0.02,0.6024064064737211,0.5010887159846007,47,9.6
0.7,2,3,tokyo_tist,4,0.05,0.7023435545349167,0.6127807582551857,30,12.7
0.7,2,5,istanbul,8,0.01,0.7684408909755245,0.6544507863408747,26,38.4
0.7,2,5,bangkok,4,0.03,0.8359869404957077,0.7540488745758501,13,5.8
0.7,2,5,nyc_tist,6,0.02,0.6138422034781029,0.5522294647297987,23,3.7
0.7,2,5,saopaulo,8,0.02,0.7584740831948783,0.6918889520736705,33,7.4
0.7,2,5,tokyo_tist,4,0.05,0.7588319281106614,0.6593242627058722,57,20.6
0.7,2,7,istanbul,8,0.01,0.7554523565731678,0.6559197939869346,35,47.5
0.7,2,7,bangkok,4,0.03,0.6694099675422202,0.5588928248239668,16,6.4
0.7,2,7,nyc_tist,6,0.02,0.5603665535686134,0.47805044852515094,45,5.6
0.7,2,7,saopaulo,8,0.02,0.7094499457162812,0.5728680323277244,49,9.8
0.7,2,7,tokyo_tist,4,0.05,1.0,1.0,8,6.7
0.7,2,10,istanbul,8,0.01,0.5549182833086298,0.43540044443127884,34,46.1
0.7,2,10,bangkok,4,0.03,0.9972058873082746,0.9958089818548905,31,9.4
0.7,2,10,nyc_tist,6,0.02,0.8506585966079531,0.7759878949119295,25,3.9
0.7,2,10,saopaulo,8,0.02,0.799596978162941,0.7340532154792729,40,8.4
0.7,2,10,tokyo_tist,4,0.05,0.6046473687689289,0.46223280701376734,35,14.8
0.7,3,3,istanbul,8,0.01,0.5347996683723157,0.4670637784265061,22,33.7
0.7,3,3,bangkok,4,0.03,0.7220803209824406,0.5831204814736608,56,13.3
0.7,3,3,nyc_tist,6,0.02,0.5921536184240183,0.5467499474510369,18,3.2
0.7,3,3,saopaulo,8,0.02,0.6503872301743489,0.49442078002281975,60,11.6
0.7,3,3,tokyo_tist,4,0.05,0.7366331122074387,0.6049496683111579,33,14.0
0.7,3,5,istanbul,8,0.01,0.6033173370381135,0.46282203692348933,25,37.0
0.7,3,5,bangkok,4,0.03,0.6615886028327647,0.49238290424914694,60,14.5
0.7,3,5,nyc_tist,6,0.02,0.6978379202660935,0.547332145878323,20,3.5
0.7,3,5,saopaulo,8,0.02,0.6805288011142708,0.5586943424816239,45,9.4
0.7,3,5,tokyo_tist,4,0.05,0.9068166141628455,0.8631602620605253,57,20.6
0.7,3,7,istanbul,8,0.01,0.597981931823817,0.5139613510486656,45,58.3
0.7,3,7,bangkok,4,0.03,0.9978689611672221,0.996803441750833,80,17.5
0.7,3,7,nyc_tist,6,0.02,0.6917078551178862,0.5452626731198492,31,4.4
0.7,3,7,saopaulo,8,0.02,0.6751722195215445,0.5572021298061711,44,9.1
0.7,3,7,tokyo_tist,4,0.05,0.6674657201226882,0.5049556088353621,57,20.6
0.7,3,10,istanbul,8,0.01,0.6936103332079991,0.5893478791837977,41,53.9
0.7,3,10,bangkok,4,0.03,0.6700001727517088,0.6067163466692226,41,11.2
0.7,3,10,nyc_tist,6,0.02,0.7483198327480797,0.6295307942668523,36,5.0
0.7,3,10,saopaulo,8,0.02,0.6866411204902846,0.5607264697305652,47,9.9
0.7,3,10,tokyo_tist,4,0.05,0.5279983052072913,0.30487146267355925,56,20.8
0.7,4,3,istanbul,8,0.01,0.577377756742144,0.5043783034423849,35,47.9
0.7,4,3,bangkok,4,0.03,0.6098967950931208,0.41491497489968976,15,6.2
0.7,4,3,nyc_tist,6,0.02,0.6024185880214635,0.4537708927307731,37,5.0
0.7,4,3,saopaulo,8,0.02,0.6727478338419003,0.5423446708595976,60,11.8
0.7,4,3,tokyo_tist,4,0.05,0.49348426849732224,0.27620339795290083,80,27.2
0.7,4,5,istanbul,8,0.01,0.5786242635944271,0.4654865161046199,55,68.8
0.7,4,5,bangkok,4,0.03,0.5535003465862686,0.5103395211897456,42,11.0
0.7,4,5,nyc_tist,6,0.02,0.7037261638993676,0.5556716095578967,26,4.3
0.7,4,5,saopaulo,8,0.02,0.7021810028773791,0.6184511340376018,61,12.2
0.7,4,5,tokyo_tist,4,0.05,0.8403061738341558,0.7643336983714056,57,22.4
0.7,4,7,istanbul,8,0.01,0.6433030193281138,0.5369064702141791,26,39.5
0.7,4,7,bangkok,4,0.03,0.9993027977669443,0.9989892909689909,64,15.3
0.7,4,7,nyc_tist,6,0.02,0.9990610382942778,0.9987609830732794,22,3.6
0.7,4,7,saopaulo,8,0.02,0.7747376562822516,0.6840651134459178,61,12.2
0.7,4,7,tokyo_tist,4,0.05,0.5826272877547748,0.38634546509945006,41,18.5
0.7,4,10,istanbul,8,0.01,0.6661939125870694,0.5707047298253907,35,48.3
0.7,4,10,bangkok,4,0.03,0.8528012595988432,0.779201889398265,27,8.2
0.7,4,10,nyc_tist,6,0.02,0.6973378605389603,0.5468126432282336,23,3.8
0.7,4,10,saopaulo,8,0.02,0.9616341966519829,0.9504917954291521,58,11.2
0.7,4,10,tokyo_tist,4,0.05,1.0,1.0,14,8.6
0.7,5,3,istanbul,8,0.01,0.42717713989865064,0.3682073567848297,50,63.0
0.7,5,3,bangkok,4,0.03,0.6450109857368459,0.5663418212560554,16,6.4
0.7,5,3,nyc_tist,6,0.02,0.5231809977075309,0.4106538307435342,23,3.7
0.7,5,3,saopaulo,8,0.02,0.6036322865981538,0.4372985555930653,33,7.6
0.7,5,3,tokyo_tist,4,0.05,0.7213089989639818,0.5819634984459727,33,14.2
0.7,5,5,istanbul,8,0.01,0.7338446862592325,0.7013251519100341,37,48.9
0.7,5,5,bangkok,4,0.03,0.8553222654038671,0.7831096489671853,18,6.6
0.7,5,5,nyc_tist,6,0.02,0.7417373022711637,0.6130288471429725,46,5.8
0.7,5,5,saopaulo,8,0.02,0.8548758796078504,0.7828475232106866,27,6.5
0.7,5,5,tokyo_tist,4,0.05,0.7260736483479873,0.5928348622325469,58,21.6
0.7,5,7,istanbul,8,0.01,0.6047764272794781,0.5372151555174912,56,71.6
0.7,5,7,bangkok,4,0.03,0.7046880436343285,0.5570320654514928,43,11.3
0.7,5,7,nyc_tist,6,0.02,0.9441587705427033,0.916795690795985,36,5.0
0.7,5,7,saopaulo,8,0.02,0.786613497855137,0.680609663065678,51,9.9
0.7,5,7,tokyo_tist,4,0.05,0.7879987531703256,0.6871846729677844,58,21.1
0.7,5,10,istanbul,8,0.01,0.7792382780739141,0.6689087560705834,63,76.9
0.7,5,10,bangkok,4,0.03,0.700727292018375,0.551882746001687,32,9.4
0.7,5,10,nyc_tist,6,0.02,0.7770022454371069,0.6667380561600218,25,4.0
0.7,5,10,saopaulo,8,0.02,0.845005711019576,0.7680614875688795,35,7.6
0.7,5,10,tokyo_tist,4,0.05,1.0,1.0,16,9.2
