dataset,backbone,method,min_rawlsiano,quartile_basso,divario,media,min_lo,q25_lo,divario_lo,media_lo,min_hi,q25_hi,divario_hi,media_hi
kuairand,B_blind,BASE,0.0852799457289777,0.0870560284743545,-0.0114324183923994,0.0967123641213772,0.0830687470633759,0.0852852550789642,-0.0134204816556178,0.0947406491508442,0.0858648141923794,0.0879181258307023,-0.0102581553436828,0.097615737156268
kuairand,B_blind,SIT,0.0802573545396361,0.0848964210103246,-0.0141887274715902,0.0944460820112264,0.0784037348238471,0.0831003160435089,-0.0156674448313528,0.0925071900473903,0.0814885009325721,0.0855789330383666,-0.0122811908510092,0.095468685228771
kuairand,B_blind,Steck-b,0.0923635955598528,0.0936388596868705,-0.0090387766472659,0.1014023722071187,0.0897428692820839,0.0919534397172632,-0.0110594585611166,0.098970621350617,0.0926005850105939,0.0946327865335134,-0.0075137927923549,0.1020536650101031
kuairand,B_full,BASE,0.0798601214287897,0.0851696394171823,-0.0137252773865067,0.0935853988152964,0.0767343135646231,0.0797519641918658,-0.0152971192884112,0.0893248399715587,0.0822188029537215,0.0883359279772423,-0.01160017734867,0.096055265145299
kuairand,B_full,SIT,0.0765853097136857,0.0845386422375203,-0.0159159620513408,0.0925012717650265,0.0736075691340569,0.0791972296501813,-0.0178552050533824,0.0886647074277872,0.0788630052633026,0.0882556487902628,-0.0136389657701257,0.0949314522143849
kuairand,B_full,Steck-b,0.0844387397888164,0.0898021325321954,-0.0120709353935073,0.0965096751823238,0.0816540481812466,0.0861887740528851,-0.0138167376236457,0.0936100252919955,0.0865634680434939,0.0920315315800669,-0.0097708235262424,0.0980251651215418
kuairand,EASE,BASE,0.0805444946135902,0.083524258144936,-0.0095442505948713,0.0900887452084616,0.0786084351486311,0.0819856460242083,-0.0112696316017515,0.0880848990313907,0.081216145725583,0.0840983304080121,-0.0080553880723422,0.0907255630417843
kuairand,EASE,SIT,0.0594341120146643,0.0761980324632275,-0.0214124036570092,0.0808465156716736,0.058068146113721,0.0744931200402635,-0.0226958735831331,0.0790304555219213,0.0603018366896808,0.0766252433887305,-0.0196549845985722,0.0816313764591763
kuairand,EASE,Steck-b,0.0881158862732338,0.0883970972933261,-0.0065615836407931,0.094677469914027,0.084923784156989,0.0869814781404527,-0.009146535630601,0.0924240510348997,0.0881462616626501,0.0898860055422722,-0.0057480659788346,0.095756207068993
kuairand,DeepFM,BASE,0.0786489954707885,0.0796443059371476,-0.0113214636941358,0.0899704591649243,0.0765960635232658,0.0783493330507028,-0.0129048538406579,0.0878719515074118,0.0789420233493967,0.0802403045494878,-0.0099231223127127,0.0904786058664938
kuairand,DeepFM,SIT,0.066082967800629,0.0773704984082798,-0.0190329306912202,0.0851158984918492,0.0646871515510121,0.0755816475975275,-0.0201058014116911,0.0830926965728225,0.0668851720908214,0.0778678573426661,-0.0170684428212118,0.0857134516797451
kuairand,DeepFM,Steck-b,0.0879154276787956,0.0891350572440905,-0.0091332362368452,0.0970486639156407,0.0855522586296086,0.0874297191191738,-0.0107699023059724,0.0948233477549268,0.0883246652151493,0.0900283638390137,-0.0077097428188678,0.097700108277341
kuairand,AFM,BASE,0.0647253932161549,0.0680464307415577,-0.0123534298085572,0.0770788230247122,0.0633195990932036,0.0670176246543004,-0.0136191002840732,0.0755270367316033,0.0651774106824565,0.0684604326873302,-0.0111657880691259,0.0777643214208488
kuairand,AFM,SIT,0.0580520366965867,0.0645383086177681,-0.0165812847180553,0.0746333214146421,0.056898570028052,0.0633138102465985,-0.0176668765044392,0.0730794563196632,0.0586360201343609,0.064917821238143,-0.0152000845148863,0.0752505049978091
kuairand,AFM,Steck-b,0.0724150974522094,0.0764185851323136,-0.0117861019191843,0.0842011993713938,0.0707780534722428,0.0751523897882775,-0.0132868543181706,0.0825161463855734,0.0728881348470736,0.0768668935798948,-0.0105229356187939,0.0849156955135121
kuairand,FPMC,BASE,0.1017308044362158,0.1023520425786066,-0.010475898513092,0.1122067029493079,0.0980627829906036,0.1005740886510084,-0.0129927182786032,0.1093657127294469,0.1016552631468005,0.1037385524540505,-0.0092139846660711,0.112739160864967
kuairand,FPMC,SIT,0.0983429246893332,0.101940074848413,-0.0122005186277743,0.1105434433171076,0.0956237349401722,0.099825812099679,-0.0139088603052639,0.1077462383466177,0.0996262648959994,0.1029261727211301,-0.0096733246346238,0.1112086023436023
kuairand,FPMC,Steck-b,0.1030419788433593,0.1044615071904409,-0.0101097736518122,0.1131517524951715,0.0999198165667599,0.1023888408325164,-0.0121172075082756,0.1105491679544615,0.103655024914658,0.1056788668315646,-0.0085473310282328,0.1137261219579277
kuairand,SASRec,BASE,0.1096889303382214,0.1147531510407704,-0.0101041627641045,0.1197930931023258,0.1064618472849609,0.112347349031722,-0.012477752989883,0.1170549726132339,0.1115911622407975,0.1156982800436926,-0.0071939065574652,0.1204397971398177
kuairand,SASRec,SIT,0.1052952965479949,0.1134350477392049,-0.0121741611897574,0.1174694577377523,0.1021950789709223,0.1106760073580519,-0.0143785504348089,0.1147332777954818,0.1073180968116759,0.1140211420617457,-0.0092482939454548,0.1182999110561446
kuairand,SASRec,Steck-b,0.1102012148176077,0.115392201139331,-0.0099458751685151,0.1201470899861228,0.1070257472763732,0.1128808293052803,-0.0122424142839796,0.1172112777906809,0.1118909217444055,0.1163524665441931,-0.0071729458017721,0.1211967155810363
ml1m,B_blind,BASE,0.1214732794291083,0.1231679658113596,-0.009181338495562,0.1306546179246704,0.118253696739428,0.123179540851408,-0.0135672775400593,0.1295114633178074,0.1233622466411965,0.1289783660103927,-0.0081522081056976,0.1337300045150933
ml1m,B_blind,SIT,0.1109254770255077,0.1168679807436248,-0.0142054058121039,0.1251308828376117,0.1090352149861643,0.1140245620865409,-0.0161870494519648,0.1240529532293475,0.1154898217618493,0.1198270717916429,-0.0111327363506211,0.1282267741302185
ml1m,B_blind,Steck-b,0.1221388253429151,0.1229344823175401,-0.008652228952553,0.1307910542954681,0.118761181939732,0.1229484788639505,-0.0130613619070208,0.1294113099883561,0.1237368383467815,0.1290107552726529,-0.0080082167380347,0.1341274629404012
ml1m,B_full,BASE,0.0920780474953868,0.212974514593399,-0.1160141939704806,0.2080922414658675,0.0888218250144521,0.2060255719537788,-0.1200763258564735,0.2041577171927005,0.0968845817992073,0.220583889912831,-0.1096561776165707,0.2113985793563289
ml1m,B_full,SIT,0.0918123374803323,0.2037435301260108,-0.1124834696630475,0.2042958071433799,0.0885746450271813,0.1939895096290586,-0.1162893109741256,0.2004931853338561,0.0966664997093148,0.2103751531255727,-0.1068930498354145,0.2082241452247033
ml1m,B_full,Steck-b,0.0926449995339233,0.2115043451565521,-0.1146337941038754,0.2072787936377988,0.08967192236101,0.2057612039448753,-0.1184612022514968,0.2033809844571949,0.0979078149283623,0.2201079314706296,-0.1080377402424994,0.2109764349393974
ml1m,EASE,BASE,0.1234629618744678,0.1316795731857263,-0.0118135174137934,0.1352764792882612,0.1233474889057769,0.1290107833807613,-0.0127354865416931,0.134275343987617,0.1299920242293784,0.1337064338276679,-0.0068469611871774,0.1383482641294388
ml1m,EASE,SIT,0.1107007439239998,0.1139451158219662,-0.0170159876261719,0.1277167315501717,0.1084563857565751,0.1131426426184154,-0.0197293580046322,0.1266876315715789,0.114663302826541,0.1206366259925535,-0.0145797120327961,0.1303798373853916
ml1m,EASE,Steck-b,0.1243668138430377,0.1336112951941079,-0.0123074163615962,0.136674230204634,0.1245839943354911,0.1304635919338607,-0.0126070532199515,0.1354459779391576,0.1308210609392263,0.1350206968350437,-0.0071331936221242,0.1395429061876263
ml1m,DeepFM,BASE,0.0955341753439403,0.2033534681907966,-0.1082233070510233,0.2037574823949636,0.0926631066704022,0.1976873055562096,-0.1123713063029443,0.2002280725427821,0.0999927103666751,0.2123870137636647,-0.1028994868613618,0.2076283407639671
ml1m,DeepFM,SIT,0.0944946368396185,0.2015158098295788,-0.1086541892341013,0.2031488260737199,0.0918647101261332,0.193885699042232,-0.1125221943227852,0.1997343971572689,0.099332620766246,0.2087292935598679,-0.1030660412278953,0.2067515585881218
ml1m,DeepFM,Steck-b,0.0966744916824692,0.2029095891931257,-0.1061254271656076,0.2027999188480769,0.0939465645916839,0.1974772203065487,-0.1096513721326928,0.1992314485402676,0.1017347788573542,0.2121351083126469,-0.1001470117910518,0.2065310126750755
ml1m,AFM,BASE,0.0951239705843887,0.1916837701332489,-0.0960990803416781,0.1912230509260667,0.0930076677226305,0.186315637409741,-0.099321586426279,0.1880508711407499,0.0995258227003274,0.2010323179292437,-0.0910496219274125,0.1948177218772726
ml1m,AFM,SIT,0.092368819543486,0.1789640144395764,-0.095199801651553,0.1875686211950391,0.0903880340647714,0.1687445335580357,-0.0984514137928822,0.1840679857501726,0.0971483715773012,0.1837828125647323,-0.089848148093372,0.1912025069042557
ml1m,AFM,Steck-b,0.0992051038803463,0.1890161245913298,-0.088837619340703,0.1880427232210493,0.0967295660775444,0.1836353181899243,-0.0922804622279969,0.1851437787901159,0.1044104631169269,0.1974225844941157,-0.0837479835484321,0.1915501712192635
ml1m,FPMC,BASE,0.1813351615906996,0.2659957918755662,-0.0864762125217063,0.2678113741124059,0.1732950371002378,0.2598782379274444,-0.0939914397255712,0.2630021044297455,0.1867222006804038,0.2739076226797802,-0.0809197065886432,0.2711165029587379
ml1m,FPMC,SIT,0.1858204419596059,0.2556588074191323,-0.0789501742474925,0.2647706162070985,0.1756353861852453,0.247974229166534,-0.0868468555157297,0.2597829806544592,0.1908719645037163,0.2621969037234085,-0.0735761900651948,0.2675829272577545
ml1m,FPMC,Steck-b,0.1814735146765405,0.2644928595147104,-0.0849621667040469,0.2664356813805875,0.1737272169746636,0.258387519328065,-0.0917365488751364,0.2618640035231064,0.187218883200983,0.2711177585626367,-0.0787644513464147,0.2698482174053899
ml1m,SASRec,BASE,0.2644248734211752,0.309813046793407,-0.0599308071314014,0.3243556805525767,0.2577278645670537,0.3036119770206565,-0.0654022573413815,0.3192035646409165,0.2727062980158612,0.3192052861456853,-0.0519254346142844,0.3287068487260139
ml1m,SASRec,SIT,0.26593513465153,0.3062388559551711,-0.0571776024239097,0.3231127370754397,0.2578161917497005,0.300662310432511,-0.0635478119702994,0.3175063533715453,0.273814758055314,0.3147025218416934,-0.0487276074264453,0.3268212359648512
ml1m,SASRec,Steck-b,0.2644192643794634,0.3062721141492054,-0.057497024895578,0.3219162892750414,0.2569609925473901,0.3002260721558283,-0.0642355331305167,0.317559914536024,0.2728292995348217,0.3146449860218559,-0.0492911494776539,0.3262759967797046
nyc_tist,B_blind,BASE,0.2177741193997034,0.223506938593716,-0.0351649300582313,0.2529390494579348,0.2097457765470015,0.2220436040013261,-0.05013470401286,0.2457655590876695,0.2198331178509687,0.2360339267013896,-0.0289282284008503,0.2624925585940823
nyc_tist,B_blind,SIT,0.1831003050232132,0.2042039412236297,-0.0453972578537144,0.2284975628769277,0.17214446993308,0.193173708079415,-0.0651781234249435,0.2174559574263089,0.1899805433636358,0.2103315066737872,-0.0368794798839924,0.2447899852597949
nyc_tist,B_blind,Steck-b,0.2824854044755667,0.2959106488802319,-0.0331737528269518,0.3156591573025185,0.2589113320993911,0.2876246116180899,-0.0571886556663929,0.3073428720519797,0.2859330300349521,0.3045259985432933,-0.0297101442855372,0.3266870689208583
nyc_tist,B_full,BASE,0.3090135417534501,0.333657382034727,-0.0391086632097841,0.3481222049632343,0.2879411620198809,0.317553944078294,-0.0643805266458215,0.3374279359224971,0.3139337988932427,0.3334573184883262,-0.0319667287849385,0.3617861713467842
nyc_tist,B_full,SIT,0.2517593509185188,0.2928732407753504,-0.0708221399378032,0.3225814908563221,0.2301097107784788,0.2758162991405699,-0.0959447429110199,0.3082532612756433,0.2681547802281808,0.3051747566168198,-0.0535876666147227,0.3387152386473715
nyc_tist,B_full,Steck-b,0.3082518253841608,0.3450920838399604,-0.0493698420706515,0.3576216674548124,0.2869863999625709,0.3293149306677444,-0.0693382700722522,0.3450516237093503,0.3192905139813902,0.3465703678316387,-0.0390524754794405,0.3711662526808144
nyc_tist,EASE,BASE,0.2070782746725675,0.2101388398506675,-0.038735942193566,0.2458142168661335,0.200385698395962,0.2104032884834277,-0.0562086642996017,0.2353636437667132,0.208181275675154,0.2229839143498356,-0.0303871243698978,0.2592319404244916
nyc_tist,EASE,SIT,0.1296295433984062,0.1513654810112213,-0.0506148388037994,0.1802443822022056,0.1240276360546293,0.1396391329728805,-0.0679334004602336,0.1599456618396305,0.14398226793681,0.163186690709211,-0.0303364544307524,0.2092382483618773
nyc_tist,EASE,Steck-b,0.2563506354751373,0.276720203625691,-0.0389498256462734,0.2953004611214107,0.2309057162495401,0.2661406839508232,-0.0644815862359571,0.285870317584174,0.2601765593983188,0.2828661561924726,-0.0337834961607057,0.3069321450629781
nyc_tist,DeepFM,BASE,0.2446515113807236,0.2725217325350368,-0.0445815974984917,0.2892331088792154,0.2347766579981195,0.257631139550057,-0.061177052434781,0.2762573814806495,0.2539751308685417,0.2721079280750436,-0.0290140794439485,0.3019845158001813
nyc_tist,DeepFM,SIT,0.1789622029760599,0.1989002022361417,-0.0544526027110861,0.233414805687146,0.1530283928138223,0.1687395569309548,-0.0738847531026297,0.2043173554697253,0.2002864928430554,0.2219798283264185,-0.0406597395057324,0.2674840594573437
nyc_tist,DeepFM,Steck-b,0.2807588745993537,0.2952460866361844,-0.03956102134438,0.3203198959437338,0.2539246159288321,0.2854057325001994,-0.0674513297398881,0.3088169627415348,0.2823838661520097,0.306028319106066,-0.0342678424321201,0.3310631017781154
nyc_tist,AFM,BASE,0.1822069914542741,0.1841294075343406,-0.0259185901272527,0.2081255815815269,0.1713776869531229,0.183238325989,-0.0491405280134803,0.1987129904729487,0.1824626680809433,0.1926850589595397,-0.0193169930944933,0.2225086107783902
nyc_tist,AFM,SIT,0.1282154243172817,0.1526237547345306,-0.0525372714175108,0.1807526957347926,0.1255887362870514,0.1435190856554114,-0.067751303411277,0.1655181131437609,0.1393671570410141,0.1581005033965061,-0.0346273202410789,0.201624056364504
nyc_tist,AFM,Steck-b,0.2406235722851645,0.2854890854097805,-0.0653360572282072,0.3059596295133718,0.223497809459932,0.2734527734009209,-0.0803086681391166,0.2956787432962184,0.2542276131974421,0.2940445377425729,-0.0532272705547237,0.3168955813084275
nyc_tist,FPMC,BASE,0.2655365374244103,0.2813241902059918,-0.0581503417783147,0.3236868792027251,0.2614634071846738,0.2809819785312216,-0.0687484427872505,0.3138826607252205,0.2769806332327538,0.2981290651119418,-0.0428124332486747,0.3360193159018569
nyc_tist,FPMC,SIT,0.2339814749928998,0.2595383744890932,-0.0662233834510561,0.3002048584439559,0.2287417180071248,0.2543446995059889,-0.0804079824930734,0.2865411151700173,0.2497305155055868,0.2736005127043551,-0.0455738385996854,0.3189526997352432
nyc_tist,FPMC,Steck-b,0.2836527951934657,0.3359375209216548,-0.0698111073361748,0.3534639025296405,0.2787363494192968,0.3238779400615731,-0.0774426962581381,0.3429901640482024,0.302906318433366,0.3418490091204236,-0.0465514068109675,0.3636548002457542
nyc_tist,SASRec,BASE,0.2919172500602477,0.2998115790920821,-0.0410492240651832,0.3329664741254309,0.28119053587788,0.2965093185995813,-0.0567000493096957,0.3195152114459617,0.2953722219101585,0.3087583332805835,-0.0302461983704458,0.3453474764101609
nyc_tist,SASRec,SIT,0.2506606032675552,0.2801633793478134,-0.0654831919344422,0.3161437952019975,0.2452337588566486,0.2746792117428405,-0.082052099931963,0.2997559060626303,0.2646502280294876,0.2886551539996566,-0.0414775031372131,0.3346853991351488
nyc_tist,SASRec,Steck-b,0.3015748202228721,0.3354559681465408,-0.0545782691778997,0.3561530894007718,0.2943413183446691,0.3240398594235589,-0.066853417636331,0.3423988041208043,0.3159376576555687,0.3397255011474721,-0.0345154547998346,0.3680598013196589
saopaulo,B_blind,BASE,0.182736834135163,0.1881322073962893,-0.0207592312510105,0.2034960653861736,0.1785889527043246,0.1850919126237193,-0.0301838027792641,0.1984188555235329,0.1897034697652604,0.1988820171670011,-0.0146054659730208,0.2134362241733698
saopaulo,B_blind,SIT,0.1675020475633331,0.1765601641131093,-0.0303403033422128,0.1978423509055459,0.159959931933494,0.1750665661713403,-0.0407711473537395,0.1925894676712782,0.1775087227355213,0.1871162074974738,-0.020999172523857,0.2067731973826058
saopaulo,B_blind,Steck-b,0.2441856685285639,0.2629484714746965,-0.0344625062938483,0.2786481748224123,0.233101123784635,0.2544033391218608,-0.0486931475486723,0.2694985344035736,0.2554919352090644,0.2711293557226427,-0.0222407374784674,0.2913977550751747
saopaulo,B_full,BASE,0.2921592535649989,0.3445954381998056,-0.0710729232299119,0.3632321767949109,0.2766173912748008,0.3218987107715906,-0.0847788469880216,0.3459317857664809,0.3138069381241709,0.3598857007305986,-0.0539827800391421,0.3801340785181634
saopaulo,B_full,SIT,0.2574985486793932,0.3317763514568301,-0.0941257755373269,0.3516243242167202,0.2434169934596946,0.3046116493380789,-0.1086158148044398,0.3347473094802122,0.2785484993876348,0.346915728535711,-0.0735994496937498,0.3656501758752192
saopaulo,B_full,Steck-b,0.2995397244596833,0.3621300897489497,-0.0823817220943549,0.3819214465540383,0.2842542238672036,0.336307411420134,-0.0957153619446965,0.3675497786648017,0.3197378741055356,0.3773850631682696,-0.0619313014169072,0.3966124713933391
saopaulo,EASE,BASE,0.1839279010026097,0.1875180871950984,-0.0188137392026774,0.2027416402052872,0.1783190820644746,0.1854718995945496,-0.0287438637702056,0.1985782138169586,0.1893740988190571,0.1983233830862799,-0.0147498178208065,0.2116815033249514
saopaulo,EASE,SIT,0.1382813420206464,0.1679629759953266,-0.0466345910669947,0.1849159330876411,0.1308612179081731,0.1651263888893199,-0.0585059790425008,0.1785843607191256,0.1479173511342466,0.1772873027832988,-0.0344323934313894,0.1944850207508394
saopaulo,EASE,Steck-b,0.2293532159814912,0.256575243318322,-0.040927074549155,0.2702802905306463,0.2205450367060407,0.2453924220435238,-0.0521274062911756,0.2620067613965145,0.2412097404234978,0.2624158463006123,-0.0285839103571501,0.2820580734348974
saopaulo,DeepFM,BASE,0.1756102935997673,0.1820423520066001,-0.0233026805058889,0.1989129741056562,0.1693037681199674,0.1788711175979503,-0.031358465619905,0.1938211032031299,0.1842326714451071,0.1912929856405043,-0.0150909226202239,0.2072860214256798
saopaulo,DeepFM,SIT,0.1634052663269386,0.1707372129085704,-0.0317218931311893,0.195127159458128,0.1540004361572549,0.1624886673943296,-0.0420705226029585,0.1883987617715864,0.1744101033218466,0.1838045902083095,-0.0236057026718429,0.2047421060807661
saopaulo,DeepFM,Steck-b,0.2204513668991923,0.2616358239738837,-0.064210970064089,0.2846623369632814,0.2093552060436864,0.2395039334294189,-0.0764896439082123,0.2702298075921936,0.2340250762618985,0.2723610685167303,-0.0491186172769299,0.2966138778467879
saopaulo,AFM,BASE,0.1780146757412801,0.1874867849657992,-0.0325758693097542,0.2105905450510343,0.1712803518214331,0.1855422138153306,-0.0430252778640138,0.2042154568439872,0.1866231852534914,0.1980565738703494,-0.0228189121327788,0.223150481299458
saopaulo,AFM,SIT,0.1476742276307079,0.1985689835050693,-0.0696667959450858,0.2173410235757938,0.1414023387200343,0.1927162213364599,-0.0811949327767963,0.2108348311644384,0.1570120260590977,0.2087322969035147,-0.057127107278405,0.2275915626590761
saopaulo,AFM,Steck-b,0.2319563730476814,0.2959748885976603,-0.0867278697878303,0.3186842428355118,0.224119127550383,0.2784395468928149,-0.0985267970225974,0.3049300851745134,0.2479739253191027,0.3058613250202486,-0.0683349511688068,0.3351630373120434
saopaulo,FPMC,BASE,0.2498767652263881,0.271199642934593,-0.0392844875578665,0.2891612527842546,0.2477057268018438,0.262634537898675,-0.0441750576150259,0.2812174122697699,0.2658787375162954,0.2804480738277238,-0.023774735938999,0.2981810518739803
saopaulo,FPMC,SIT,0.2384906594257254,0.2454234954182893,-0.0390642420962491,0.2775549015219745,0.2305113884137845,0.2422188487137711,-0.0480582515341122,0.2698827009025821,0.2491537585016315,0.2596851190752386,-0.0289493776777857,0.2868956870256708
saopaulo,FPMC,Steck-b,0.3077002339523103,0.3161398105634383,-0.0339946524509534,0.3416948864032638,0.2953833037905986,0.3102700458794667,-0.0498975365641392,0.3333929302753368,0.3162783779305754,0.3302589810843194,-0.0262290078061168,0.3531497833707145
saopaulo,SASRec,BASE,0.2555716437154303,0.2866410782608773,-0.04742167271804,0.3029933164334702,0.2537642857467418,0.2773866558917111,-0.0529612042697255,0.2958368477404794,0.2751652513554488,0.2946974729644109,-0.029468595839332,0.3127084466528863
saopaulo,SASRec,SIT,0.244195640217037,0.2592849361385806,-0.0459956174095163,0.2901912576265533,0.2408647397163618,0.2546953445486226,-0.0519013885553237,0.2832592512432872,0.2588297115892768,0.2712940180361612,-0.0321162523484352,0.2997102547151356
saopaulo,SASRec,Steck-b,0.3135120598746659,0.3248201875370583,-0.039657468734084,0.3531695286087499,0.3020409398535075,0.317147398148546,-0.0540940154524216,0.3425577059308873,0.3250294426249784,0.3400231891509245,-0.0290365624065834,0.3680383168275051
yelp,B_blind,BASE,0.1013173745894905,0.1025421211817337,-0.003023926566174,0.1043413011556645,0.0915155710553276,0.0952353974699968,-0.0089410011187866,0.0985876758481464,0.0998928801033289,0.1014983361995202,-0.0034240098922589,0.1040694745199461
yelp,B_blind,SIT,0.0954413265450952,0.1018337447952683,-0.0113610284113916,0.1068023549564869,0.0831246288747479,0.0925245238588989,-0.0210624184168028,0.1002236632000208,0.0967347419780718,0.1019712537434234,-0.0073209169878362,0.1079106964007529
yelp,B_blind,Steck-b,0.1035096170275154,0.1049840883220733,-0.003438329698764,0.1069479467262795,0.0930371418688922,0.0970820691328971,-0.0093427629394196,0.1008901796878404,0.1022683906968684,0.104424806531442,-0.0038070330052409,0.10699796583241
yelp,B_full,BASE,0.0791259648391254,0.100412896174481,-0.0386419089158642,0.1177678737549896,0.071784260592415,0.0923679918690083,-0.0471211508294814,0.1112169589645398,0.0779518660588956,0.1044237304205654,-0.0360470806439954,0.1213485008272546
yelp,B_full,SIT,0.0786548397042918,0.1020267724556314,-0.0422301412632031,0.120884980967495,0.0705675297101283,0.0932360190906056,-0.0499858787972622,0.11360227188166,0.0774748509416485,0.1053900790987565,-0.0395101695882224,0.1236777052264871
yelp,B_full,Steck-b,0.0796877256354737,0.1019490892595055,-0.0403014452734096,0.1199891709088833,0.0717039426402651,0.0930765577992316,-0.0483817224270651,0.1126734582681591,0.0784214764524607,0.1054884996082553,-0.0376413895427842,0.1228064445938279
yelp,EASE,BASE,0.0920398958879978,0.0936369726302927,-0.0032577600834101,0.095297655971408,0.0834209050747878,0.0869405758497095,-0.0083843051269202,0.0902532985711582,0.0908869393303531,0.0931839577690693,-0.0034635661552886,0.0954815204786674
yelp,EASE,SIT,0.0810805063691861,0.0864747898942288,-0.0089089292478791,0.0899894356170653,0.0726494290409479,0.0792201514781983,-0.0195025930401399,0.0809145958916583,0.0808377624833228,0.0870725795843216,-0.0020450174529858,0.0945282866785554
yelp,EASE,Steck-b,0.1316845492689292,0.1368096646142653,-0.0108007687170525,0.1424853179859818,0.116866659654419,0.1260127772529346,-0.0207733366114951,0.1339341228465741,0.1313408444433673,0.1368790100560933,-0.0079562282402568,0.1442995609317922
yelp,DeepFM,BASE,0.0862041716577443,0.1006098560443072,-0.0268454319486806,0.1130496036064249,0.0775089451552793,0.0928920431202752,-0.0339199028711073,0.1065510767513076,0.0844423605445785,0.1008937756242062,-0.025537239151045,0.1143044449837734
yelp,DeepFM,SIT,0.0843975902205902,0.1017017404519103,-0.0323937121399673,0.1167913023605576,0.0757393880763427,0.0941376858082846,-0.0394610559045732,0.1102497483021933,0.0832704098646752,0.1029643767369499,-0.0303475123653554,0.118646156782826
yelp,DeepFM,Steck-b,0.0867773004003458,0.1019101883439046,-0.0283020998686602,0.115079400269006,0.0779772434144244,0.0940114220387188,-0.0347284746135685,0.1088322145281252,0.0852974733420517,0.1024969624773278,-0.0269460255853585,0.1164392130304737
yelp,AFM,BASE,0.0897243834491553,0.0908865842015417,-0.0022320322235882,0.0919564156727436,0.0810110358209004,0.0842918379164497,-0.0075317089997056,0.0870537656770041,0.0879082215900861,0.0896584642728399,-0.0026848058100205,0.0914204716732971
yelp,AFM,SIT,0.0874052146871502,0.0911123700593345,-0.006117144667882,0.0935223593550322,0.0784590664505971,0.0839886467313775,-0.0134170898069502,0.0881016412625235,0.0866172335119603,0.0906800200456066,-0.0048983170805734,0.0945306066778014
yelp,AFM,Steck-b,0.0901874078686806,0.0917172826580948,-0.0029421880584231,0.0931295959271038,0.0815060152876473,0.0853155748792727,-0.0078099769662633,0.0883382491443742,0.0883318635679032,0.0904408292855825,-0.0033934124449256,0.0928418324000874
yelp,FPMC,BASE,0.1139902005211979,0.1261060977764932,-0.0215373090701059,0.1355275095913039,0.1028444684860518,0.1162640469415068,-0.029303580690403,0.1283339521989659,0.1118667656027667,0.1257680004723777,-0.0204498477344382,0.1364631327276938
yelp,FPMC,SIT,0.1085462012238314,0.1253878005076761,-0.0298494270572746,0.1383956282811061,0.0958679281962931,0.1146715294907711,-0.0387051953109498,0.1306097380523211,0.1086568733845985,0.126837709093759,-0.0266063267985199,0.1400770298966216
yelp,FPMC,Steck-b,0.1156785912835336,0.1283190153712089,-0.0226376939436225,0.1383162852271561,0.1045271341113213,0.118705724155555,-0.0295901293460405,0.1310647798820435,0.1140254202713363,0.1290208442186107,-0.0217369171341764,0.1397584746492392
yelp,SASRec,BASE,0.1090104304372075,0.1305614333615479,-0.0396909032024729,0.1487013336396805,0.0993066031143615,0.1211571773514549,-0.0486033659449305,0.1413940938501799,0.1076654695646508,0.1337712048372084,-0.0376310226876818,0.1524122781081106
yelp,SASRec,SIT,0.1064254915313048,0.1308634640990646,-0.0448923189747322,0.151317810506037,0.0948152791891597,0.1197490301351273,-0.0543875468185247,0.14332356832352,0.1061685442442606,0.1331241831863354,-0.0422712091099908,0.153617194511526
yelp,SASRec,Steck-b,0.1125308265255956,0.1341490907850259,-0.0399948473625533,0.152525673888149,0.1022463238997966,0.1241302802437391,-0.047886954250135,0.1446748097008807,0.1107208277658517,0.1351005479411892,-0.0384820606921778,0.1541212060034957
