city,K,eps,kind,gamma,depth,n,ari_mean,ari_min,bfrac,n_iters,secs
istanbul,4,0.01,Keps,0.4,6,3,0.7980353169254164,0.6313389594621039,0.19851410874605863,25,36.5
istanbul,4,0.02,Keps,0.4,6,3,0.868108861745313,0.6708367809941108,0.35237285279888314,26,39.2
istanbul,4,0.03,Keps,0.4,6,3,0.657793905841644,0.4398315994978616,0.49020611526087343,24,37.7
istanbul,4,0.05,Keps,0.4,6,3,0.45285825993502227,0.3981561228254978,0.7588956907549,18,31.5
istanbul,4,0.07,Keps,0.4,6,3,0.22515631994417512,0.0,0.9709769815226373,12,26.1
istanbul,4,0.1,Keps,0.4,6,3,1.0,1.0,1.0,4,15.9
istanbul,5,0.01,Keps,0.4,6,3,0.6983257406852713,0.5364465598642768,0.22456053081298788,29,47.1
istanbul,5,0.02,Keps,0.4,6,3,0.6373362098153613,0.4067135434218525,0.4188576609247507,31,53.5
istanbul,5,0.03,Keps,0.4,6,3,0.5334105631008125,0.36155024205543446,0.5697590641773441,31,53.1
istanbul,5,0.05,Keps,0.4,6,3,0.3862245652189414,0.24092868757676317,0.8344097754314461,27,48.0
istanbul,5,0.07,Keps,0.4,6,3,0.2685952220344531,-0.08458588456190687,0.9648793716252537,15,32.8
istanbul,5,0.1,Keps,0.4,6,3,1.0,1.0,1.0,3,16.5
istanbul,6,0.01,Keps,0.4,6,3,0.6335090652755654,0.4093408105614367,0.22751787161321896,25,47.1
istanbul,6,0.02,Keps,0.4,6,3,0.5505302888194852,0.45024607590481075,0.4256115662031948,31,56.8
istanbul,6,0.03,Keps,0.4,6,3,0.46505038605981736,0.38619609682696343,0.591282022480925,26,51.0
istanbul,6,0.05,Keps,0.4,6,3,0.3778022619282893,0.22619266651112913,0.8783767520599491,22,47.4
istanbul,6,0.07,Keps,0.4,6,3,0.36828822650566284,0.2457156414448322,0.9478542029380852,19,44.8
istanbul,6,0.1,Keps,0.4,6,3,1.0,1.0,1.0,4,18.9
istanbul,7,0.01,Keps,0.4,6,3,0.6064668997415836,0.4530506735233462,0.20704113479729455,28,57.6
istanbul,7,0.02,Keps,0.4,6,3,0.5613585536502861,0.4821942466643567,0.43667070499602856,30,61.8
istanbul,7,0.03,Keps,0.4,6,3,0.49798958524769105,0.41296348545905515,0.615126886448062,47,92.6
istanbul,7,0.05,Keps,0.4,6,3,0.391549648746036,0.2967155679500836,0.862437920715025,29,65.3
istanbul,7,0.07,Keps,0.4,6,3,0.328163033439588,-0.0031416601010435794,0.9710780734761991,14,40.6
istanbul,7,0.1,Keps,0.4,6,3,1.0,1.0,1.0,4,21.5
istanbul,8,0.01,Keps,0.4,6,3,0.6830395120827868,0.46859062792700323,0.23021526167571946,38,81.4
istanbul,8,0.02,Keps,0.4,6,3,0.5804651123242325,0.4702507702336615,0.44027471337221896,26,61.0
istanbul,8,0.03,Keps,0.4,6,3,0.45601927650995433,0.3580471993189893,0.6669325010630701,41,92.0
istanbul,8,0.05,Keps,0.4,6,3,0.3954762821586722,0.19135267101716727,0.9122281147955296,38,93.2
istanbul,8,0.07,Keps,0.4,6,3,0.21068695645388766,-0.0031513981943679767,0.9752533316217236,13,42.2
istanbul,8,0.1,Keps,0.4,6,3,1.0,1.0,1.0,5,24.7
istanbul,9,0.01,Keps,0.4,6,3,0.6256742792673399,0.4687060848333719,0.2569629088808479,45,102.7
istanbul,9,0.02,Keps,0.4,6,3,0.5922709227670999,0.44790413540148666,0.47385328829660056,43,101.4
istanbul,9,0.03,Keps,0.4,6,3,0.47197914728921087,0.34026640815819664,0.6854788629562175,48,112.8
istanbul,9,0.05,Keps,0.4,6,3,0.38821503212960423,0.2718744739699575,0.8847904748914865,33,90.2
istanbul,9,0.07,Keps,0.4,6,3,0.07880419112649752,-0.08456442492124736,0.9804170444242974,13,52.3
istanbul,9,0.1,Keps,0.4,6,3,1.0,1.0,1.0,5,29.4
bangkok,4,0.01,Keps,0.4,6,3,0.9956212404706705,0.9906762353356909,0.027526296250464054,80,28.6
bangkok,4,0.02,Keps,0.4,6,3,0.9994225459767483,0.9989446534937492,0.0805543868333127,67,24.2
bangkok,4,0.03,Keps,0.4,6,3,0.9999675272096884,0.9999188180242211,0.15692117312213832,13,7.9
bangkok,4,0.05,Keps,0.4,6,3,0.9048769407799953,0.7623323774153605,0.3522088850389803,15,8.6
bangkok,4,0.07,Keps,0.4,6,3,0.5306710372943645,0.32169017296334207,0.7744190075485708,19,9.8
bangkok,4,0.1,Keps,0.4,6,3,0.693903215362347,0.3849393112067414,0.9060066823412944,9,6.9
bangkok,5,0.01,Keps,0.4,6,3,0.6422722285764664,0.5011554011494117,0.0905729488924638,36,16.4
bangkok,5,0.02,Keps,0.4,6,3,0.7691996691680777,0.6132698643286105,0.19999505011755972,47,21.0
bangkok,5,0.03,Keps,0.4,6,3,0.5904842787720022,0.3866173299076201,0.4253334983294147,24,12.9
bangkok,5,0.05,Keps,0.4,6,3,0.5904524028700568,0.3597883081414892,0.5948026234376933,15,9.7
bangkok,5,0.07,Keps,0.4,6,3,0.4562898941105945,0.21224341326852295,0.7743249597822052,11,8.2
bangkok,5,0.1,Keps,0.4,6,3,0.5830289194953047,0.3756517612573156,0.9203662913005817,10,8.2
bangkok,6,0.01,Keps,0.4,6,3,0.5803482142203227,0.4652253136533081,0.10916470733820072,58,27.5
bangkok,6,0.02,Keps,0.4,6,3,0.6277662807931641,0.5014598826338579,0.288390050736295,31,17.3
bangkok,6,0.03,Keps,0.4,6,3,0.6960861492820918,0.49383291214795905,0.4137854225962133,21,12.9
bangkok,6,0.05,Keps,0.4,6,3,0.5558862227725303,0.2726776253937309,0.6801583962380893,19,12.4
bangkok,6,0.07,Keps,0.4,6,3,0.2829679531239536,0.0,0.8316544982056676,13,10.0
bangkok,6,0.1,Keps,0.4,6,3,0.3218961021718183,-0.0073010872419420015,0.960475188714268,11,9.3
bangkok,7,0.01,Keps,0.4,6,3,0.5775781955809525,0.42774849716811053,0.106813513179062,32,20.2
bangkok,7,0.02,Keps,0.4,6,3,0.5450211901117851,0.3878075706316175,0.31408489048385096,30,19.6
bangkok,7,0.03,Keps,0.4,6,3,0.5147549046721913,0.3962079015814593,0.44217794827372847,21,15.1
bangkok,7,0.05,Keps,0.4,6,3,0.7363597790797255,0.463544263101126,0.660254918945675,19,14.7
bangkok,7,0.07,Keps,0.4,6,3,0.28731098366793567,-0.12086657790003838,0.8284519242667987,20,15.6
bangkok,7,0.1,Keps,0.4,6,3,0.45695616440022635,0.0,0.9601682960029698,14,12.8
bangkok,8,0.01,Keps,0.4,6,3,0.6058602812056553,0.4768570239534775,0.10215072392030689,58,36.6
bangkok,8,0.02,Keps,0.4,6,3,0.556397710966816,0.4671240914534783,0.346288825640391,20,16.0
bangkok,8,0.03,Keps,0.4,6,3,0.5368217075787488,0.40042183988390256,0.48175720826630364,30,22.6
bangkok,8,0.05,Keps,0.4,6,3,0.6690426325446839,0.36635833164326415,0.7027496596955822,20,16.6
bangkok,8,0.07,Keps,0.4,6,3,0.3739330621012179,-0.12086657790003838,0.8753718599183269,15,13.7
bangkok,8,0.1,Keps,0.4,6,3,0.5361962301991655,0.0,0.9669743843583716,14,14.3
bangkok,9,0.01,Keps,0.4,6,3,0.6201435360799529,0.41485400899628694,0.113847296126717,59,41.5
bangkok,9,0.02,Keps,0.4,6,3,0.5668881261955361,0.40839104581503516,0.3685484469743844,34,25.8
bangkok,9,0.03,Keps,0.4,6,3,0.4599276023697163,0.3481986938225395,0.5393094913995793,25,20.3
bangkok,9,0.05,Keps,0.4,6,3,0.5990741145664792,0.34810743904170577,0.7493379532236109,27,22.9
bangkok,9,0.07,Keps,0.4,6,3,0.4296122854166323,-0.1211998390147593,0.9254646702140825,22,20.2
bangkok,9,0.1,Keps,0.4,6,3,0.5450197389930284,0.0,0.9658458111619851,16,16.5
nyc_tist,4,0.01,Keps,0.4,6,3,0.95124971786977,0.8797800035249174,0.07100285047939879,41,6.2
nyc_tist,4,0.02,Keps,0.4,6,3,0.9550826170324649,0.8878114405616848,0.16281420057009588,24,4.2
nyc_tist,4,0.03,Keps,0.4,6,3,0.9545202627685552,0.886300656921388,0.2153925887535631,21,4.0
nyc_tist,4,0.05,Keps,0.4,6,3,0.8762050814301345,0.6905613732656621,0.40133454262762375,23,4.3
nyc_tist,4,0.07,Keps,0.4,6,3,0.6183344728377009,0.4240217407841418,0.5564524488209381,14,3.3
nyc_tist,4,0.1,Keps,0.4,6,3,0.3872393727207025,0.25940613201444007,0.8063228815755377,15,3.6
nyc_tist,5,0.01,Keps,0.4,6,3,0.8210854193037939,0.5527135482594848,0.10509199274423427,43,7.2
nyc_tist,5,0.02,Keps,0.4,6,3,0.818184555740291,0.5457277727069251,0.19747343871469292,23,4.7
nyc_tist,5,0.03,Keps,0.4,6,3,0.5850904643258769,0.47812902072737284,0.2964757709251101,32,6.1
nyc_tist,5,0.05,Keps,0.4,6,3,0.6944870749376948,0.5120256837979092,0.44450634879502465,36,6.7
nyc_tist,5,0.07,Keps,0.4,6,3,0.5992934707915824,0.38381366952755597,0.6561933143301373,27,5.7
nyc_tist,5,0.1,Keps,0.4,6,3,0.4255453821185782,0.20570672946130572,0.8499093029282199,11,3.5
nyc_tist,6,0.01,Keps,0.4,6,3,0.7912201956695722,0.703242422651778,0.10304483026690851,44,8.3
nyc_tist,6,0.02,Keps,0.4,6,3,0.9141767114071866,0.7855822046992449,0.1870044052863436,35,7.1
nyc_tist,6,0.03,Keps,0.4,6,3,0.8540622616987766,0.6357029569067848,0.2791137600414615,27,6.1
nyc_tist,6,0.05,Keps,0.4,6,3,0.5890643616387441,0.46490672825587953,0.4909302928219746,32,7.0
nyc_tist,6,0.07,Keps,0.4,6,3,0.5330324939195175,0.33690490932597833,0.6801243845555844,28,6.5
nyc_tist,6,0.1,Keps,0.4,6,3,0.5018800889876435,0.1816098087707314,0.8641228297486394,14,4.3
nyc_tist,7,0.01,Keps,0.4,6,3,0.751234906289051,0.6129990021864954,0.11058564394920964,48,10.4
nyc_tist,7,0.02,Keps,0.4,6,3,0.8531861090165233,0.7541417678936195,0.20107540813682298,30,7.3
nyc_tist,7,0.03,Keps,0.4,6,3,0.7030057500165403,0.49449484741615424,0.32354236848924595,23,6.1
nyc_tist,7,0.05,Keps,0.4,6,3,0.5792522399652319,0.4577676409589698,0.5709898937548588,21,5.9
nyc_tist,7,0.07,Keps,0.4,6,3,0.589768600082851,0.47439856516739654,0.7127105467737757,24,6.8
nyc_tist,7,0.1,Keps,0.4,6,3,0.5121415219990888,0.2990560337867316,0.8878984192796061,30,8.2
nyc_tist,8,0.01,Keps,0.4,6,3,0.8015997630328796,0.676315728612715,0.10824047680746307,60,13.9
nyc_tist,8,0.02,Keps,0.4,6,3,0.7322473546500226,0.553083839730825,0.23837781808758746,39,9.8
nyc_tist,8,0.03,Keps,0.4,6,3,0.8126293968627187,0.6929224829229697,0.32973568281938326,24,7.3
nyc_tist,8,0.05,Keps,0.4,6,3,0.5709001650998031,0.4280883160943564,0.5931199792692408,30,8.4
nyc_tist,8,0.07,Keps,0.4,6,3,0.5112510098711532,0.3401618062689015,0.7402176729722727,25,8.1
nyc_tist,8,0.1,Keps,0.4,6,3,0.31866586756843435,0.0,0.8989893754858771,26,8.5
nyc_tist,9,0.01,Keps,0.4,6,3,0.8506698378570359,0.6848877317276637,0.1144985747603006,70,17.8
nyc_tist,9,0.02,Keps,0.4,6,3,0.8082986044355099,0.5564962095345086,0.24809536149261469,28,8.2
nyc_tist,9,0.03,Keps,0.4,6,3,0.8044964600594005,0.6900595541838017,0.3645633583830008,26,7.9
nyc_tist,9,0.05,Keps,0.4,6,3,0.5543434403039872,0.4102950104938943,0.6503887017362011,25,7.9
nyc_tist,9,0.07,Keps,0.4,6,3,0.4615418226647446,0.28653380596113265,0.7706011920186577,21,7.9
nyc_tist,9,0.1,Keps,0.4,6,3,0.18642767536927055,-0.07866524778322186,0.9309536149261467,14,6.5
saopaulo,4,0.01,Keps,0.4,6,3,0.8869435312267393,0.8267660672770792,0.0523747680890538,58,11.4
saopaulo,4,0.02,Keps,0.4,6,3,0.8919850637730372,0.7942988802740449,0.10293135435992577,22,5.8
saopaulo,4,0.03,Keps,0.4,6,3,0.8616888556603491,0.7063175687284234,0.15167903525046383,14,4.4
saopaulo,4,0.05,Keps,0.4,6,3,0.7905561784338831,0.521728473653451,0.3189332096474954,17,5.0
saopaulo,4,0.07,Keps,0.4,6,3,0.8102869119689291,0.5745075227016871,0.48264378478664194,18,5.1
saopaulo,4,0.1,Keps,0.4,6,3,0.823541065609666,0.6719631675122798,0.600630797773655,22,6.0
saopaulo,5,0.01,Keps,0.4,6,3,0.9405225006537444,0.9014235662855679,0.04307977736549166,60,13.6
saopaulo,5,0.02,Keps,0.4,6,3,0.9453388803107409,0.9114440674008003,0.1053617810760668,20,6.0
saopaulo,5,0.03,Keps,0.4,6,3,0.9477684283323325,0.9129035071150446,0.18021335807050093,18,5.7
saopaulo,5,0.05,Keps,0.4,6,3,0.8010823870548316,0.5622718826414821,0.35529684601113176,27,7.4
saopaulo,5,0.07,Keps,0.4,6,3,0.790458384308156,0.5341449055077128,0.49833951762523193,18,5.7
saopaulo,5,0.1,Keps,0.4,6,3,0.6013035408579144,0.36666337450617237,0.7417346938775511,29,8.3
saopaulo,6,0.01,Keps,0.4,6,3,0.8443852272204253,0.7780954375709956,0.06965677179962895,52,13.4
saopaulo,6,0.02,Keps,0.4,6,3,0.8368795732567527,0.7489391400218396,0.1540630797773655,32,9.2
saopaulo,6,0.03,Keps,0.4,6,3,0.8149349386171908,0.7076561523210306,0.23640074211502782,24,7.6
saopaulo,6,0.05,Keps,0.4,6,3,0.6376348054631831,0.44983609705174493,0.4455936920222635,38,10.7
saopaulo,6,0.07,Keps,0.4,6,3,0.5037317880101467,0.33184835769145404,0.6738218923933209,21,7.2
saopaulo,6,0.1,Keps,0.4,6,3,0.5488270270100983,0.35926916779434653,0.863617810760668,21,7.2
saopaulo,7,0.01,Keps,0.4,6,3,0.9129689479284921,0.799997531935976,0.07642857142857143,80,22.3
saopaulo,7,0.02,Keps,0.4,6,3,0.9085368227720195,0.780582733027725,0.1690630797773655,38,11.6
saopaulo,7,0.03,Keps,0.4,6,3,0.8670142963369656,0.7263826007785897,0.2789517625231911,35,11.1
saopaulo,7,0.05,Keps,0.4,6,3,0.7200471319434867,0.5155823210512608,0.4737569573283859,33,10.9
saopaulo,7,0.07,Keps,0.4,6,3,0.5198885057956724,0.3730659499262893,0.7250742115027828,27,9.3
saopaulo,7,0.1,Keps,0.4,6,3,0.5714262000040822,0.39377396339276993,0.8536641929499071,17,7.1
saopaulo,8,0.01,Keps,0.4,6,3,0.775175799332282,0.6072854306648039,0.09941558441558443,80,26.3
saopaulo,8,0.02,Keps,0.4,6,3,0.7821882006864455,0.5094355339393536,0.19463821892393324,36,12.5
saopaulo,8,0.03,Keps,0.4,6,3,0.7419080360296872,0.4712300460390646,0.3093135435992579,37,13.0
saopaulo,8,0.05,Keps,0.4,6,3,0.600281351593672,0.4797303028408018,0.5422356215213358,27,10.2
saopaulo,8,0.07,Keps,0.4,6,3,0.5392823160539294,0.4025625649500696,0.7286827458256029,27,10.6
saopaulo,8,0.1,Keps,0.4,6,3,0.6235311658720833,0.4172434052892098,0.8890630797773655,19,8.7
saopaulo,9,0.01,Keps,0.4,6,3,0.7315497964891613,0.5952754593596064,0.12908163265306122,80,27.7
saopaulo,9,0.02,Keps,0.4,6,3,0.7827915893144308,0.5933554065506293,0.2084508348794063,53,19.1
saopaulo,9,0.03,Keps,0.4,6,3,0.7260216844429842,0.45535285070032266,0.31666048237476807,45,16.6
saopaulo,9,0.05,Keps,0.4,6,3,0.5773125636846486,0.43788802084420697,0.5780426716141002,29,11.9
saopaulo,9,0.07,Keps,0.4,6,3,0.5215040741432876,0.3764641897961735,0.7159925788497217,32,13.1
saopaulo,9,0.1,Keps,0.4,6,3,0.6390884239862185,0.4329327616715736,0.8764285714285714,17,8.3
tokyo_tist,4,0.01,Keps,0.4,6,3,0.8663694568259824,0.6659236420649564,0.0035986777450192084,29,19.8
tokyo_tist,4,0.02,Keps,0.4,6,3,0.8786519508837527,0.6966298772093819,0.0231537568122934,27,18.8
tokyo_tist,4,0.03,Keps,0.4,6,3,0.9534321557631692,0.8835803894079228,0.0449602430090235,27,18.5
tokyo_tist,4,0.05,Keps,0.4,6,3,0.9489815505873,0.8724983693448641,0.1243348521397302,19,14.9
tokyo_tist,4,0.07,Keps,0.4,6,3,0.9356078074740409,0.8392425020017812,0.20530331457160728,25,18.0
tokyo_tist,4,0.1,Keps,0.4,6,3,0.7243795679728178,0.4814162016452898,0.3893504869114625,26,18.5
tokyo_tist,5,0.01,Keps,0.4,6,3,0.7801467739244456,0.5425227518225334,0.0358223889931207,69,49.3
tokyo_tist,5,0.02,Keps,0.4,6,3,0.7555985963922927,0.543412813645191,0.08797284016796211,58,41.7
tokyo_tist,5,0.03,Keps,0.4,6,3,0.7224716533722912,0.5422443536926175,0.11277048155096936,56,40.4
tokyo_tist,5,0.05,Keps,0.4,6,3,0.6870995427405855,0.5094971735052986,0.24071830608415973,30,29.0
tokyo_tist,5,0.07,Keps,0.4,6,3,0.7223533030100028,0.49562974934432596,0.31627267041901186,33,31.6
tokyo_tist,5,0.1,Keps,0.4,6,3,0.6429727692685516,0.5208134736020489,0.4996194049852586,28,29.5
tokyo_tist,6,0.01,Keps,0.4,6,3,0.7004441866910759,0.5284095730127769,0.05031716251228445,67,62.0
tokyo_tist,6,0.02,Keps,0.4,6,3,0.6863280918891775,0.573760702815077,0.11497185741088181,69,64.6
tokyo_tist,6,0.03,Keps,0.4,6,3,0.6889328234747363,0.5793468483485276,0.1575234521575985,48,48.4
tokyo_tist,6,0.05,Keps,0.4,6,3,0.7350831829240781,0.6204067342816303,0.31510050924685074,35,34.1
tokyo_tist,6,0.07,Keps,0.4,6,3,0.7458240869757078,0.5902606974689701,0.40891628696506743,20,27.0
tokyo_tist,6,0.1,Keps,0.4,6,3,0.6306710830178097,0.49539372338908455,0.5922773161797552,28,37.3
tokyo_tist,7,0.01,Keps,0.4,6,3,0.644985454826292,0.4854648722950024,0.05532028946663094,69,69.6
tokyo_tist,7,0.02,Keps,0.4,6,3,0.6174495794204136,0.3993682835441605,0.11386402215670507,69,77.9
tokyo_tist,7,0.03,Keps,0.4,6,3,0.612102097293582,0.40190365666781697,0.1773215402483695,47,49.5
tokyo_tist,7,0.05,Keps,0.4,6,3,0.6297719502948105,0.45949727878820645,0.3464486732779416,37,43.6
tokyo_tist,7,0.07,Keps,0.4,6,3,0.6013839231277828,0.4062136852292615,0.4647833467345662,22,26.4
tokyo_tist,7,0.1,Keps,0.4,6,3,0.531980209602873,0.4072276426808325,0.6289430894308943,31,37.8
tokyo_tist,8,0.01,Keps,0.4,6,3,0.5574870557281326,0.38370977717028704,0.05054945054945056,80,88.1
tokyo_tist,8,0.02,Keps,0.4,6,3,0.5940687319916906,0.41595040927698235,0.0994585901902975,80,89.3
tokyo_tist,8,0.03,Keps,0.4,6,3,0.5932026307017083,0.40774023224200967,0.16301259715893862,69,75.1
tokyo_tist,8,0.05,Keps,0.4,6,3,0.553550463732265,0.39897049264324735,0.3643991780577146,35,42.8
tokyo_tist,8,0.07,Keps,0.4,6,3,0.503693109767013,0.3870190167099611,0.5142035200571785,38,45.6
tokyo_tist,8,0.1,Keps,0.4,6,3,0.4661790854713697,0.39268422660092395,0.6770803180559277,26,32.5
tokyo_tist,9,0.01,Keps,0.4,6,3,0.6451774791089397,0.45382128952965584,0.04901277584204413,80,89.6
tokyo_tist,9,0.02,Keps,0.4,6,3,0.6586130744166707,0.51663063746012,0.09446261056017155,80,91.7
tokyo_tist,9,0.03,Keps,0.4,6,3,0.6723508808534936,0.5269665229669425,0.15208791208791209,48,60.1
tokyo_tist,9,0.05,Keps,0.4,6,3,0.6095654877107496,0.4636299386413316,0.35951755561511656,33,40.1
tokyo_tist,9,0.07,Keps,0.4,6,3,0.536807219679434,0.43618341933971944,0.5431537568122934,41,52.2
tokyo_tist,9,0.1,Keps,0.4,6,3,0.4745753578544386,0.4076896075607998,0.7246743500402039,29,37.1
istanbul,4,0.01,neigh_0.3_6_3,0.3,6,3,0.5834251834355488,0.3527937296117541,0.17845939072040054,21,31.2
istanbul,4,0.01,neigh_0.5_6_3,0.5,6,3,0.7120212477947608,0.5334904418841474,0.19485393817344493,31,40.5
istanbul,4,0.01,neigh_0.4_5_3,0.4,5,3,0.6707299757810727,0.4517594719538026,0.17731849581591635,19,29.4
istanbul,4,0.01,neigh_0.4_6_5,0.4,6,5,0.7326601471730163,0.556996740966475,0.17445261916414606,23,33.5
bangkok,4,0.03,neigh_0.3_6_3,0.3,6,3,0.9997472251483146,0.9995807773599139,0.11310481376067319,17,8.9
bangkok,4,0.03,neigh_0.5_6_3,0.5,6,3,0.8634444401667525,0.7725263834388698,0.25936888998886276,16,8.8
bangkok,4,0.03,neigh_0.4_5_3,0.4,5,3,0.8704321278378956,0.6761845607796234,0.22548694468506372,14,8.5
bangkok,4,0.03,neigh_0.4_6_5,0.4,6,5,0.999826304509312,0.9996834493928948,0.16795446108154935,9,6.9
nyc_tist,4,0.02,neigh_0.3_6_3,0.3,6,3,0.7780752166108396,0.5120485783810604,0.13490541591085775,23,4.8
nyc_tist,4,0.02,neigh_0.5_6_3,0.5,6,3,0.9587462445445809,0.8970712423649678,0.17016066338429645,21,4.2
nyc_tist,4,0.02,neigh_0.4_5_3,0.4,5,3,0.7744369858334582,0.43904163016698405,0.2006478362270018,18,3.8
nyc_tist,4,0.02,neigh_0.4_6_5,0.4,6,5,0.9990795828872162,0.9984021481547269,0.16718061674008808,34,5.8
saopaulo,4,0.03,neigh_0.3_6_3,0.3,6,3,0.8287820064874907,0.7146187937537006,0.16570500927643783,15,4.6
saopaulo,4,0.03,neigh_0.5_6_3,0.5,6,3,0.8324954663611495,0.7045718660771536,0.1550834879406308,18,5.0
saopaulo,4,0.03,neigh_0.4_5_3,0.4,5,3,0.7894541140483873,0.6689169307312871,0.18104823747680893,19,5.0
saopaulo,4,0.03,neigh_0.4_6_5,0.4,6,5,0.8338747645568997,0.7088173018208157,0.16886827458256032,18,5.0
tokyo_tist,4,0.07,neigh_0.3_6_3,0.3,6,3,0.6299685404316396,0.29814421527213236,0.2536227999642634,48,27.6
tokyo_tist,4,0.07,neigh_0.5_6_3,0.5,6,3,0.8054960577199125,0.5632868849195412,0.22291432145090678,35,21.3
tokyo_tist,4,0.07,neigh_0.4_5_3,0.4,5,3,0.832891032381917,0.6321306890124712,0.27134101670687033,26,17.3
tokyo_tist,4,0.07,neigh_0.4_6_5,0.4,6,5,0.8091406823119851,0.6436484726345515,0.222324667202716,66,36.6
