gamma,depth,n,P,neigh_mean,plateau_width,self_ari
0.4,6,3,0.7617570256149699,0.8127049011690637,2,0.8581812681174703
0.3,6,10,0.7282241519568149,0.7681672593854662,2,0.7282241519568149
0.6,6,7,0.7222567174344942,0.7800728403217921,4,0.818526053601684
0.6,6,5,0.7222567174344942,0.7710736653912734,2,0.7222567174344942
0.6,6,3,0.7222567174344942,0.7574906444662737,4,0.7686840356091639
0.5,6,5,0.721964423356221,0.7554679554066274,4,0.7613579382025486
0.7,6,10,0.7207658357499146,0.7644662783086483,1,0.7207658357499146
0.3,3,10,0.7171544909141578,0.763040479151539,2,0.8077164482298855
0.7,5,7,0.7118214076686101,0.7782335762794653,4,0.7656470984963945
0.8,4,7,0.7118214076686101,0.7668756884902255,3,0.7426275658327215
0.8,5,10,0.7118214076686101,0.7632310298056573,2,0.7183769519708902
0.7,6,7,0.707651886623063,0.7506277341805779,1,0.7631508655969597
0.8,5,7,0.707651886623063,0.734097016281642,4,0.7118214076686101
0.8,6,10,0.707651886623063,0.72399508685781,4,0.7491856730873723
0.8,3,5,0.7018587151129149,0.7318016878299608,3,0.7182524141725923
0.7,2,5,0.7017293678330164,0.724382389788604,6,0.747115209250975
0.8,4,10,0.6917305266363722,0.760940980261395,2,0.8163764109916196
0.8,3,7,0.6917305266363722,0.7209225426107403,4,0.7513897725858608
0.3,4,7,0.6897239636444181,0.7511741725322679,1,0.6897239636444181
0.3,4,10,0.6897239636444181,0.7447465809654806,1,0.7249203050515483
0.6,3,7,0.6888013768330541,0.7658942387430565,3,0.7583805645081163
0.7,2,7,0.6888013768330541,0.7262987916720545,4,0.7389357646800565
0.3,6,3,0.687974677474387,0.8136576347635581,3,0.8725930219128936
0.3,6,5,0.687974677474387,0.7721932171725463,1,0.687974677474387
0.4,6,5,0.687974677474387,0.7580238608629525,1,0.7622463749543222
0.3,5,5,0.687974677474387,0.748966974177525,1,0.7282606954891129
0.3,6,7,0.687974677474387,0.7429737021162767,1,0.8098913160320155
0.6,2,7,0.6839592317791092,0.7283731560330718,3,0.6888013768330541
0.5,6,10,0.6812451887851318,0.7604568438632495,4,0.762363620770472
0.6,2,3,0.6799736889238363,0.7143121822056363,4,0.6799736889238363
0.7,5,10,0.679089879710479,0.7566446528521406,2,0.8203947053097945
0.6,6,10,0.679089879710479,0.74991594032635,2,0.7688343117992005
0.6,5,10,0.679089879710479,0.7416822921138843,2,0.679089879710479
0.6,4,10,0.679089879710479,0.7399278051709347,2,0.6960858264574931
0.4,6,7,0.6785965211541658,0.7644237960852771,4,0.7459674664097162
0.4,5,5,0.6785965211541658,0.7329235151335836,2,0.7324154400192697
0.3,5,7,0.6785965211541658,0.732870186582827,1,0.7428108987084505
0.3,2,7,0.6778910666558661,0.7589072910038812,2,0.6778910666558661
0.3,2,10,0.6778910666558661,0.7284808376699751,1,0.7171544909141578
0.6,5,5,0.677750437740887,0.7568500536094425,3,0.8275925824842976
0.6,4,7,0.677750437740887,0.7455392888891124,4,0.7199136067238296
0.3,5,3,0.6773867210860895,0.7845737650566479,2,0.8358815715494814
0.3,4,5,0.6773867210860895,0.7195477985484969,3,0.7664585618244486
0.4,2,10,0.6771795642840077,0.7292396965982763,1,0.7111613448799913
0.6,2,10,0.6771795642840077,0.7259869492874202,1,0.6839592317791092
0.7,4,7,0.6756675901583196,0.7521850006460772,2,0.7998063598852725
0.6,4,5,0.6756675901583196,0.7415838609990761,2,0.677750437740887
0.8,4,5,0.6756675901583196,0.7277361558662481,3,0.7792326139772683
0.3,4,3,0.6755777394606868,0.7513390374385528,2,0.6773867210860895
0.4,4,3,0.6755777394606868,0.7290866432414326,2,0.6755777394606868
0.5,6,7,0.6751561833936113,0.7610994192092067,2,0.803225252877208
0.6,5,7,0.6751561833936113,0.7557670350045003,3,0.8044438406212061
0.5,4,7,0.6751561833936113,0.738364913969418,1,0.7623943862869823
0.5,5,7,0.6751561833936113,0.7324322566392182,3,0.6751561833936113
0.5,3,10,0.6695325791277581,0.7353400267228039,2,0.6695325791277581
0.5,4,10,0.6695325791277581,0.7088312276064949,2,0.6902949215488516
0.5,2,10,0.6695325791277581,0.7047114665265024,1,0.6771795642840077
0.4,6,10,0.6675107392906537,0.7381363647023784,3,0.7866158450842351
0.3,5,10,0.6675107392906537,0.7222807638952533,4,0.747937724468799
0.4,4,10,0.6675107392906537,0.720488885768141,4,0.7534344634327518
0.4,5,10,0.6675107392906537,0.7192234137026229,3,0.6675107392906537
0.4,5,7,0.6675107392906537,0.7135291098313867,4,0.6785965211541658
0.5,5,10,0.6675107392906537,0.6926100889165333,1,0.6812451887851318
0.7,4,10,0.6653139528810728,0.7722617835667706,4,0.8355934458753712
0.7,3,10,0.6653139528810728,0.749778639414063,2,0.6653139528810728
0.7,3,7,0.6653139528810728,0.7356976581676898,3,0.7260393375506317
0.6,3,10,0.6653139528810728,0.7153102175771889,1,0.8185891507095843
0.8,6,5,0.6621614502188109,0.7398337742388428,1,0.6621614502188109
0.7,6,5,0.6621614502188109,0.7385247135109179,3,0.7280246650154523
0.8,6,7,0.6621614502188109,0.7187942566389631,2,0.707651886623063
0.3,2,3,0.6587984925447948,0.7383804402360497,2,0.6587984925447948
0.3,3,3,0.6587984925447948,0.7256053542779959,2,0.8013905932720577
0.3,2,5,0.6587984925447948,0.7196715702186994,3,0.7624293938564548
0.4,2,3,0.6587984925447948,0.7184608050026619,4,0.730903281270891
0.5,3,3,0.649384055323382,0.7290871913790585,4,0.7391443765762639
0.6,3,5,0.649384055323382,0.7265216295488462,1,0.8276180556507585
0.5,4,5,0.649384055323382,0.7196720908815087,3,0.7466312007633894
0.8,6,3,0.6473032774412802,0.7313805590801438,1,0.8428736822387144
0.8,5,5,0.6473032774412802,0.7235577821303605,3,0.7584571870981732
0.6,3,3,0.6472107900321123,0.7256539195590893,1,0.7440630526995136
0.7,3,5,0.6472107900321123,0.721703035985458,1,0.7100178550828177
0.4,5,3,0.6432549451037091,0.7590096299160467,3,0.8087468152456626
0.5,6,3,0.6432549451037091,0.7586470425295724,1,0.7617570256149699
0.5,5,3,0.6432549451037091,0.7464401039258171,4,0.6432549451037091
0.5,5,5,0.6432549451037091,0.7297675304747209,1,0.721964423356221
0.5,4,3,0.6432549451037091,0.7169779353932451,3,0.7813457969833687
0.3,3,7,0.6425787325998737,0.7343362517969211,2,0.8308847861209026
0.4,2,7,0.6425787325998737,0.7269248097792002,2,0.8061767174720245
0.5,3,7,0.6425787325998737,0.7265589299475971,2,0.8219175792254209
0.4,3,10,0.6425787325998737,0.7198249889519102,1,0.7345263654412003
0.4,4,7,0.6425787325998737,0.7110298460969089,3,0.7522465198438397
0.3,3,5,0.6340659102648497,0.7587419598115491,2,0.7572225135305812
0.4,3,7,0.6340659102648497,0.7460566587097303,3,0.6425787325998737
0.4,3,3,0.6340659102648497,0.719051725300201,1,0.7332284509564565
0.4,4,5,0.6340659102648497,0.7150899582704021,4,0.6982343357163309
0.4,3,5,0.6340659102648497,0.6938186261281819,3,0.6340659102648497
0.5,2,7,0.632327184518205,0.7346878391490597,3,0.781724612561646
0.5,3,5,0.632327184518205,0.721584051760324,2,0.649384055323382
0.4,2,5,0.632327184518205,0.7179864786480376,2,0.7420163845058003
0.6,2,5,0.632327184518205,0.7157121501688796,1,0.7184373858364486
0.5,2,5,0.632327184518205,0.7085411730801415,2,0.632327184518205
0.5,2,3,0.632327184518205,0.7019411894049126,3,0.7273574157353665
0.8,3,10,0.6142844510183554,0.7078190228226562,1,0.6917305266363722
0.8,2,7,0.6142844510183554,0.7060328766437693,3,0.6954956388862634
0.7,2,10,0.6142844510183554,0.692779764637988,2,0.7614054228313455
0.8,2,10,0.6142844510183554,0.690729009843084,1,0.6142844510183554
0.8,2,5,0.6015535921965713,0.6984951221109427,3,0.7300587560483107
0.8,2,3,0.6015535921965713,0.6838001077977033,3,0.6015535921965713
0.7,2,3,0.6015535921965713,0.6755165296473022,2,0.7017293678330164
0.8,3,3,0.6015535921965713,0.6722110150945209,3,0.7018587151129149
0.7,4,5,0.5911850484391902,0.716575808808825,3,0.6756675901583196
0.6,4,3,0.5911850484391902,0.711971584430997,3,0.7159135534720517
0.7,3,3,0.5911850484391902,0.6826774715332609,4,0.6472107900321123
0.8,4,3,0.5911850484391902,0.6823518437858134,1,0.6921795639584136
0.7,6,3,0.5840620817810326,0.7393656582132264,1,0.7731838264217694
0.7,5,5,0.5840620817810326,0.7316888516302414,2,0.7823707563780202
0.6,5,3,0.5840620817810326,0.7168464692835376,1,0.7615716172509706
0.8,5,3,0.5840620817810326,0.7049751585035228,1,0.6473032774412802
0.7,5,3,0.5840620817810326,0.6899461012853773,3,0.5840620817810326
0.7,4,3,0.5840620817810326,0.65103643797352,3,0.5911850484391902
