gamma,depth,n,city,K,eps,ari_mean,ari_min,bfrac,n_iters,secs
0.3,2,3,istanbul,8,0.01,0.5360324030158393,0.44486805308415145,0.16231409644386322,66,82.3
0.3,2,3,bangkok,4,0.03,0.49063784097541535,0.4260337488470289,0.3337128243204224,10,6.2
0.3,2,3,nyc_tist,6,0.02,0.9985806271262284,0.9978709406893428,0.08972531743975122,80,8.9
0.3,2,3,saopaulo,8,0.02,0.593438625717413,0.5018424867819671,0.2261904761904762,42,9.1
0.3,2,3,tokyo_tist,4,0.05,0.675302965889078,0.5317211971568577,0.15158283450966378,39,17.1
0.3,2,5,istanbul,8,0.01,0.5554298684763145,0.40583844616939896,0.15052805836589403,63,72.3
0.3,2,5,bangkok,4,0.03,0.7436711687274017,0.6155067530911025,0.2027719341665635,14,5.4
0.3,2,5,nyc_tist,6,0.02,0.9920351174942265,0.9890516446438995,0.09549105986006738,80,8.3
0.3,2,5,saopaulo,8,0.02,0.7512263830441469,0.6866865131621466,0.20250463821892395,80,14.1
0.3,2,5,tokyo_tist,4,0.05,0.7697844315401848,0.655421345758778,0.14311921141189435,32,13.2
0.3,2,7,istanbul,8,0.01,0.6409920354674318,0.5984840355231222,0.15298582305698857,44,55.1
0.3,2,7,bangkok,4,0.03,0.689408886421688,0.5341690712025251,0.24281648310852622,11,5.1
0.3,2,7,nyc_tist,6,0.02,0.9038773863780222,0.8581046561495106,0.13451239526647663,57,6.3
0.3,2,7,saopaulo,8,0.02,0.650077274985236,0.5559778393758551,0.18781694495980208,40,7.9
0.3,2,7,tokyo_tist,4,0.05,0.5050997500269521,0.2978125447521629,0.2452246940051818,55,19.5
0.3,2,10,istanbul,8,0.01,0.6222965300273181,0.5263383265505295,0.19300539959402754,34,45.0
0.3,2,10,bangkok,4,0.03,0.5515479703418519,0.3274025079627511,0.2688611145485295,24,7.5
0.3,2,10,nyc_tist,6,0.02,0.9919942357526512,0.9879924717606502,0.09413060378336356,80,8.3
0.3,2,10,saopaulo,8,0.02,0.8668781319853273,0.8463130956212617,0.24220779220779223,23,5.4
0.3,2,10,tokyo_tist,4,0.05,0.5530555864636405,0.535432049102526,0.2178147056195837,31,13.2
0.3,3,3,istanbul,8,0.01,0.6746799401853608,0.5619797482038047,0.17918949927390304,80,88.7
0.3,3,3,bangkok,4,0.03,0.8297657021182445,0.7744166802932549,0.1968898238666832,17,5.9
0.3,3,3,nyc_tist,6,0.02,0.8193477646003414,0.7290216469005123,0.10244450202988685,59,6.6
0.3,3,3,saopaulo,8,0.02,0.8987879404447218,0.8491398929246433,0.2604359925788497,58,10.6
0.3,3,3,tokyo_tist,4,0.05,0.7843716190116199,0.6765574285174297,0.11218916584770244,33,13.4
0.3,3,5,istanbul,8,0.01,0.5175031868194585,0.4502223420278839,0.2162110842780617,55,64.9
0.3,3,5,bangkok,4,0.03,0.6449706571558507,0.47047764659216645,0.35138390463226504,12,5.3
0.3,3,5,nyc_tist,6,0.02,0.893990343881725,0.8409855158225875,0.10486309061069361,18,3.0
0.3,3,5,saopaulo,8,0.02,0.7296483797958722,0.6031144667230407,0.2025200989486704,63,11.6
0.3,3,5,tokyo_tist,4,0.05,1.0,1.0,0.08899609875219631,11,7.3
0.3,3,7,istanbul,8,0.01,0.7219440685866086,0.7078517346665668,0.1988783607057181,51,62.4
0.3,3,7,bangkok,4,0.03,0.8481288738469225,0.7721933107703839,0.15671327805964608,25,7.4
0.3,3,7,nyc_tist,6,0.02,0.9998013621904639,0.9997020432856958,0.10045780426708129,22,3.3
0.3,3,7,saopaulo,8,0.02,0.6399507782248347,0.5270693213564656,0.2598948670377242,80,14.0
0.3,3,7,tokyo_tist,4,0.05,0.9445988477556829,0.9168982716335242,0.08171774025432561,33,13.6
0.3,3,10,istanbul,8,0.01,0.609295881495126,0.5014202916059344,0.18815405557917933,63,73.5
0.3,3,10,bangkok,4,0.03,0.6473339854891096,0.4710009782336644,0.21675535206038857,12,5.2
0.3,3,10,nyc_tist,6,0.02,0.8700068240537927,0.8050102360806889,0.13455558434827675,18,3.0
0.3,3,10,saopaulo,8,0.02,0.9673092541047947,0.9622601079496114,0.25871985157699445,80,14.1
0.3,3,10,tokyo_tist,4,0.05,0.9446362960066045,0.9169544440099067,0.08206319425831621,33,13.7
0.3,4,3,istanbul,8,0.01,0.58839337318234,0.557380452910454,0.19596862405293156,21,31.7
0.3,4,3,bangkok,4,0.03,0.7306700726483157,0.6993712172807696,0.2808975786825063,13,5.4
0.3,4,3,nyc_tist,6,0.02,0.8270834691888611,0.7408246794889154,0.17498056491318995,13,2.5
0.3,4,3,saopaulo,8,0.02,0.6118369532006097,0.46776319563009505,0.22319109461966605,80,14.1
0.3,4,3,tokyo_tist,4,0.05,0.6289497372103213,0.45241327428568556,0.19538997587778076,13,7.9
0.3,4,5,istanbul,8,0.01,0.6669645574969293,0.5617574077383056,0.192029247132385,52,63.2
0.3,4,5,bangkok,4,0.03,0.47391802154353374,0.28628345283580187,0.32858144619065294,19,6.5
0.3,4,5,nyc_tist,6,0.02,0.8973723876915308,0.8460585815372964,0.1638161872678587,44,5.3
0.3,4,5,saopaulo,8,0.02,0.9575171950603362,0.9368793167712387,0.24313543599257884,80,14.3
0.3,4,5,tokyo_tist,4,0.05,0.8365206473299126,0.7590253519195259,0.16619315643705887,58,20.6
0.3,4,7,istanbul,8,0.01,0.7383289500480329,0.677297820812609,0.1814226151793045,39,48.9
0.3,4,7,bangkok,4,0.03,0.6492115483349358,0.4738173225024036,0.24542342119374663,21,6.9
0.3,4,7,nyc_tist,6,0.02,0.8027389283811283,0.7335262470372824,0.15908698281074543,18,3.0
0.3,4,7,saopaulo,8,0.02,0.7147199887585115,0.6417791268377097,0.2349721706864564,73,13.2
0.3,4,7,tokyo_tist,4,0.05,0.5436204026994825,0.5127650068917805,0.2148366538610441,36,14.7
0.3,4,10,istanbul,8,0.01,0.6465332292727504,0.5487737391348272,0.20868534995734347,37,49.0
0.3,4,10,bangkok,4,0.03,0.8572439791768222,0.7859895599421732,0.22422142474116238,15,5.8
0.3,4,10,nyc_tist,6,0.02,0.6620687630484128,0.5232258928719598,0.17672972272609486,17,3.0
0.3,4,10,saopaulo,8,0.02,0.7249467144753364,0.6100764554381478,0.21365182436611008,80,14.0
0.3,4,10,tokyo_tist,4,0.05,0.7338088392844196,0.6007132589266295,0.14130855594270228,37,14.9
0.3,5,3,istanbul,8,0.01,0.6514963319786305,0.587586630995057,0.2213592856168615,28,39.0
0.3,5,3,bangkok,4,0.03,0.853830107020365,0.7808044024864451,0.17141442890731348,13,5.4
0.3,5,3,nyc_tist,6,0.02,0.7949437151528547,0.7163331757973105,0.15815841755204285,80,8.4
0.3,5,3,saopaulo,8,0.02,0.8792643546221571,0.8310995771095205,0.20431354359925788,50,9.6
0.3,5,3,tokyo_tist,4,0.05,0.9998733489733996,0.9998100242342923,0.13777658655707437,13,8.1
0.3,5,5,istanbul,8,0.01,0.5803123804874256,0.5068296372414549,0.19895859241489422,45,56.7
0.3,5,5,bangkok,4,0.03,0.8555592529332583,0.783339360794749,0.17700779606484343,18,6.4
0.3,5,5,nyc_tist,6,0.02,0.8100511677806903,0.715247223915977,0.16178630042325298,48,6.0
0.3,5,5,saopaulo,8,0.02,0.6310387773786702,0.4825685187715279,0.26159554730983303,23,5.8
0.3,5,5,tokyo_tist,4,0.05,0.7643418988655201,0.6465128482982799,0.1672116501384794,33,16.6
0.3,5,7,istanbul,8,0.01,0.7424726817156788,0.7247890762472099,0.2082547731180984,39,55.3
0.3,5,7,bangkok,4,0.03,0.6042897303404068,0.5051315933803749,0.3278142144124077,20,7.3
0.3,5,7,nyc_tist,6,0.02,0.8148179467482076,0.7223847515248633,0.1835104085687138,25,4.1
0.3,5,7,saopaulo,8,0.02,0.7701283791270782,0.6928353577212817,0.2556586270871985,29,7.2
0.3,5,7,tokyo_tist,4,0.05,0.7823457556108808,0.6784666417647122,0.2049078292980732,58,21.9
0.3,5,10,istanbul,8,0.01,0.6733992959469207,0.5245532169200559,0.20959731705164517,37,50.4
0.3,5,10,bangkok,4,0.03,0.9333211096806422,0.9001215334201823,0.31772470403827907,13,5.9
0.3,5,10,nyc_tist,6,0.02,0.6944131039455831,0.5422822338312075,0.18683596786732312,30,4.3
0.3,5,10,saopaulo,8,0.02,0.653106819750183,0.521643147485247,0.24755720470006184,40,8.3
0.3,5,10,tokyo_tist,4,0.05,0.7854482930206662,0.6785489385953496,0.2081003007832276,58,20.8
0.3,6,3,istanbul,8,0.01,0.8409756414980981,0.7615354562757864,0.19904417290468204,45,57.7
0.3,6,3,bangkok,4,0.03,0.9997280649235648,0.9996096014874689,0.11312956317287465,17,6.4
0.3,6,3,nyc_tist,6,0.02,0.9547781405367002,0.9343527905648707,0.15155048803662433,25,3.9
0.3,6,3,saopaulo,8,0.02,0.8047932971959874,0.7098467541377311,0.22074829931972786,27,6.5
0.3,6,3,tokyo_tist,4,0.05,0.7626899654101175,0.6440349481151763,0.18024956073736562,38,15.6
0.3,6,5,istanbul,8,0.01,0.6571826398555846,0.5261006732332443,0.19660780333603448,23,35.1
0.3,6,5,bangkok,4,0.03,0.5396336322052057,0.3603660154669156,0.4358536484758487,16,6.5
0.3,6,5,nyc_tist,6,0.02,0.8070064692687905,0.7133166059281809,0.15977800811954737,41,5.4
0.3,6,5,saopaulo,8,0.02,0.6687438305231465,0.5842236487823537,0.24290352504638216,49,10.1
0.3,6,5,tokyo_tist,4,0.05,0.7673068155192079,0.650960223278812,0.20561064951308852,12,8.3
0.3,6,7,istanbul,8,0.01,0.8090941277185841,0.7246567266502594,0.22302275638711264,40,53.8
0.3,6,7,bangkok,4,0.03,0.6568342663705001,0.5834647633845725,0.31477127418223816,17,7.4
0.3,6,7,nyc_tist,6,0.02,0.8561713596403312,0.8013414856397608,0.1635354582361579,27,4.9
0.3,6,7,saopaulo,8,0.02,0.9585121550321928,0.9383562387198342,0.19732529375386518,62,12.4
0.3,6,7,tokyo_tist,4,0.05,0.7688446713984692,0.6532670070977038,0.20616456714017692,62,23.5
0.3,6,10,istanbul,8,0.01,0.6483530508758388,0.5319486445648448,0.20946359753635166,19,31.9
0.3,6,10,bangkok,4,0.03,0.5167512584113598,0.40732424523315225,0.43873283009528524,37,10.6
0.3,6,10,nyc_tist,6,0.02,0.8647914986764712,0.8013757897954618,0.15209035155912584,37,5.1
0.3,6,10,saopaulo,8,0.02,0.8422622134917858,0.7667361000331986,0.1833178726035869,42,8.9
0.3,6,10,tokyo_tist,4,0.05,0.7689627383286188,0.6534441074929283,0.17290568510080706,40,16.6
0.4,2,3,istanbul,8,0.01,0.6680509623835653,0.5550859872857318,0.18215004934250115,48,62.1
0.4,2,3,bangkok,4,0.03,0.7329212211269042,0.6633260559065843,0.27452872994266386,10,5.2
0.4,2,3,nyc_tist,6,0.02,0.725347419080272,0.6460247852344739,0.20698367452707958,35,4.8
0.4,2,3,saopaulo,8,0.02,0.6321784289395396,0.5730771541876741,0.18008658008658007,63,12.4
0.4,2,3,tokyo_tist,4,0.05,0.8960183748241738,0.8440275622362609,0.17804580243604637,10,7.6
0.4,2,5,istanbul,8,0.01,0.6948563968625553,0.5995180192246381,0.18009879197789883,49,63.4
0.4,2,5,bangkok,4,0.03,0.6948659964751797,0.5426177848725429,0.23480592335932018,15,6.2
0.4,2,5,nyc_tist,6,0.02,0.9917143972349033,0.9879630428128592,0.1442083441306038,80,9.0
0.4,2,5,saopaulo,8,0.02,0.7050305482491157,0.5575631479405079,0.17860235003092148,27,6.6
0.4,2,5,tokyo_tist,4,0.05,0.6236145837072476,0.5427292922010848,0.23003067393311294,31,13.8
0.4,2,7,istanbul,8,0.01,0.6248269248074746,0.49165539071090325,0.19465817280305522,58,72.8
0.4,2,7,bangkok,4,0.03,0.7494740973096836,0.6242689955752581,0.243451718021697,13,5.8
0.4,2,7,nyc_tist,6,0.02,0.8963058625332162,0.8452682519566919,0.17159022199188045,58,7.0
0.4,2,7,saopaulo,8,0.02,0.985995943101277,0.9793257214936514,0.17530921459492887,26,6.4
0.4,2,7,tokyo_tist,4,0.05,0.7742807596084708,0.6614211394127061,0.14152297566931712,37,15.5
0.4,2,10,istanbul,8,0.01,0.8599440622071676,0.7901334528742964,0.15908343295437224,34,48.3
0.4,2,10,bangkok,4,0.03,0.5008550269539002,0.4400468349740402,0.47003258672606524,24,8.1
0.4,2,10,nyc_tist,6,0.02,0.8190541768735465,0.7285812653103199,0.1672497192709683,60,7.2
0.4,2,10,saopaulo,8,0.02,0.7049676918163721,0.6431895577511345,0.20061842918985776,22,5.7
0.4,2,10,tokyo_tist,4,0.05,0.6709857665489704,0.549269610386054,0.20460406801870215,56,21.5
0.4,3,3,istanbul,8,0.01,0.6293486232979988,0.4956103706622844,0.2144834281404697,45,59.5
0.4,3,3,bangkok,4,0.03,0.5724526782289907,0.35943690972014497,0.2968197005321124,59,14.2
0.4,3,3,nyc_tist,6,0.02,0.997076258554909,0.9956143878323636,0.1519607843137255,14,3.0
0.4,3,3,saopaulo,8,0.02,0.6815762826651014,0.5520604113033778,0.2445578231292517,59,11.8
0.4,3,3,tokyo_tist,4,0.05,0.7856884120352827,0.678532618052924,0.10898478215551387,32,14.0
0.4,3,5,istanbul,8,0.01,0.6911975645589227,0.6038249482860558,0.20855430483235585,36,50.4
0.4,3,5,bangkok,4,0.03,0.5072370449981554,0.46415798265082997,0.39564410345254303,39,10.5
0.4,3,5,nyc_tist,6,0.02,0.5621536931215573,0.39244541078096207,0.2290101062451412,20,3.5
0.4,3,5,saopaulo,8,0.02,0.68986496684757,0.5499879567172494,0.20170068027210886,80,15.3
0.4,3,5,tokyo_tist,4,0.05,0.7198762817980433,0.579814422697065,0.11432740701033384,37,15.6
0.4,3,7,istanbul,8,0.01,0.5623746760063514,0.44402784098140424,0.20599223891933235,23,35.8
0.4,3,7,bangkok,4,0.03,0.7126102290625745,0.5703379306269164,0.2763849358577734,58,13.8
0.4,3,7,nyc_tist,6,0.02,0.7709628201364768,0.656500909927815,0.18603696985402088,26,4.1
0.4,3,7,saopaulo,8,0.02,0.6622487096132531,0.5580351808612671,0.2672077922077922,40,8.8
0.4,3,7,tokyo_tist,4,0.05,0.5046972281807132,0.3098485987624881,0.15687185443283005,80,28.4
0.4,3,10,istanbul,8,0.01,0.6271622648197853,0.5700451999637275,0.1901090348927703,40,55.2
0.4,3,10,bangkok,4,0.03,0.7847196915653759,0.6778777756114147,0.2643567215278637,55,13.6
0.4,3,10,nyc_tist,6,0.02,0.7346157012062058,0.6162929989747024,0.21696035242290748,42,5.6
0.4,3,10,saopaulo,8,0.02,0.7924454056612644,0.7044713421123946,0.2611162646876933,59,12.1
0.4,3,10,tokyo_tist,4,0.05,0.7336887639533698,0.6005331459300546,0.10780547365913218,35,15.2
0.4,4,3,istanbul,8,0.01,0.724276288759885,0.6626404110637882,0.21708828429838709,34,48.3
0.4,4,3,bangkok,4,0.03,0.7888104184484899,0.6833682448036307,0.2642824732912593,14,5.9
0.4,4,3,nyc_tist,6,0.02,0.4831486256045856,0.39385109376298466,0.2020385246609657,20,3.5
0.4,4,3,saopaulo,8,0.02,0.6488162121215427,0.5521136176289343,0.26315708101422386,30,7.1
0.4,4,3,tokyo_tist,4,0.05,0.7328371523689311,0.5992557285533965,0.11415468000833855,36,15.0
0.4,4,5,istanbul,8,0.01,0.5085676418840429,0.3640691493683092,0.18351666278880072,44,56.5
0.4,4,5,bangkok,4,0.03,0.8004920646322763,0.7007380969484144,0.3780637709854391,23,7.7
0.4,4,5,nyc_tist,6,0.02,0.7451465141472293,0.7115957613814284,0.23609311566036106,22,4.2
0.4,4,5,saopaulo,8,0.02,0.7563271352025797,0.6347062668758094,0.2220779220779221,58,11.5
0.4,4,5,tokyo_tist,4,0.05,0.6806383227155264,0.5209574840732895,0.28676851603680875,11,8.4
0.4,4,7,istanbul,8,0.01,0.5437977135975207,0.4622910931011047,0.22084580267813447,34,47.0
0.4,4,7,bangkok,4,0.03,0.6538809257551996,0.4808213886327994,0.28879264117477205,30,8.8
0.4,4,7,nyc_tist,6,0.02,0.8721558672165397,0.8084124331200031,0.21801848492701045,18,3.6
0.4,4,7,saopaulo,8,0.02,0.6913980926499385,0.5569809651506309,0.22761286332714903,60,12.0
0.4,4,7,tokyo_tist,4,0.05,1.0,1.0,0.10140266237827215,14,8.6
0.4,4,10,istanbul,8,0.01,0.5825697979073192,0.4814172420691061,0.1926149386093705,34,46.2
0.4,4,10,bangkok,4,0.03,0.6795865420932191,0.5632807134134488,0.5073547003258673,22,7.5
0.4,4,10,nyc_tist,6,0.02,0.9995227790957898,0.9992842445633416,0.20164982292476463,24,3.8
0.4,4,10,saopaulo,8,0.02,0.9166359683882076,0.8842386179402641,0.2113636363636364,68,13.1
0.4,4,10,tokyo_tist,4,0.05,0.5888572296792228,0.39579007521228293,0.17130349325471275,16,9.5
0.4,5,3,istanbul,8,0.01,0.7183893116547448,0.6752329139707087,0.24235324951794116,22,34.4
0.4,5,3,bangkok,4,0.03,0.9998972650765009,0.9998458976757917,0.15712576826300376,10,5.3
0.4,5,3,nyc_tist,6,0.02,0.7276231299073533,0.6959302585784074,0.21307333506089662,25,4.0
0.4,5,3,saopaulo,8,0.02,0.5978243695897146,0.543654801804119,0.2508812615955473,39,8.5
0.4,5,3,tokyo_tist,4,0.05,1.0,1.0,0.12414902170999732,15,8.8
0.4,5,5,istanbul,8,0.01,0.6402691819037566,0.5169926743714127,0.19429178133115102,28,40.7
0.4,5,5,bangkok,4,0.03,0.7850569420206345,0.6775986821289706,0.2808728292703048,12,5.7
0.4,5,5,nyc_tist,6,0.02,0.8092824565120633,0.7140596389467209,0.22305001295672455,19,3.4
0.4,5,5,saopaulo,8,0.02,0.6524853988100269,0.573404451678923,0.24862399505256647,44,9.2
0.4,5,5,tokyo_tist,4,0.05,0.7749832208498669,0.6861568220077735,0.11554245212781798,59,22.2
0.4,5,7,istanbul,8,0.01,0.68921501558675,0.6523543698950804,0.25396010344541703,35,48.8
0.4,5,7,bangkok,4,0.03,0.8490820732407505,0.7736231098611256,0.2288578146269026,23,7.8
0.4,5,7,nyc_tist,6,0.02,0.6031873986738817,0.43195242258511934,0.21469292562840114,18,3.3
0.4,5,7,saopaulo,8,0.02,0.6980187844195388,0.5895672682618027,0.24311997526283238,50,10.2
0.4,5,7,tokyo_tist,4,0.05,0.5534793338499081,0.35086776971239625,0.18371601298430565,61,22.7
0.4,5,10,istanbul,8,0.01,0.6129328370986964,0.5527064254399396,0.24120326168641704,26,38.2
0.4,5,10,bangkok,4,0.03,0.8488989488041204,0.7733484232061807,0.22928680443839458,23,7.8
0.4,5,10,nyc_tist,6,0.02,0.5567530132067927,0.43837114065442967,0.21994039906711582,23,4.3
0.4,5,10,saopaulo,8,0.02,0.5972269425717067,0.5279622924685737,0.26437847866419295,44,9.8
0.4,5,10,tokyo_tist,4,0.05,0.7217419547719522,0.5826235915790743,0.1445844128770958,39,16.3
0.4,6,3,istanbul,8,0.01,0.6657378857590609,0.6484484570749309,0.21998732338995017,24,37.0
0.4,6,3,bangkok,4,0.03,0.999945878682814,0.9999188180242211,0.15692777296539206,12,5.6
0.4,6,3,nyc_tist,6,0.02,0.85705205335447,0.7855822046992449,0.19080936339293428,26,3.9
0.4,6,3,saopaulo,8,0.02,0.8531806201711838,0.7798625416570929,0.16903215831787263,25,6.0
0.4,6,3,tokyo_tist,4,0.05,0.9149899026198232,0.8724983693448641,0.12143303850620925,19,10.0
0.4,6,5,istanbul,8,0.01,0.690438528776617,0.6505374629613461,0.2323483553836814,28,43.7
0.4,6,5,bangkok,4,0.03,0.9997889662619298,0.9996834493928948,0.16796601080724335,8,5.1
0.4,6,5,nyc_tist,6,0.02,0.6409633233550948,0.5095875095002498,0.22330914744752528,26,4.1
0.4,6,5,saopaulo,8,0.02,0.6734657753790582,0.5988714151315504,0.24902597402597404,41,8.9
0.4,6,5,tokyo_tist,4,0.05,0.8065752809989112,0.7098641840774621,0.16482920873164777,80,28.0
0.4,6,7,istanbul,8,0.01,0.5741532088242559,0.5595618389421979,0.20347831203181455,24,36.5
0.4,6,7,bangkok,4,0.03,0.8472537364486733,0.770882794553695,0.23124200800230996,12,5.6
0.4,6,7,nyc_tist,6,0.02,0.7402545168113632,0.6103817752170448,0.2096829921395871,30,4.7
0.4,6,7,saopaulo,8,0.02,0.6716603193974747,0.5529900565003187,0.25522572665429805,25,6.2
0.4,6,7,tokyo_tist,4,0.05,0.8965155505668142,0.8447733258502212,0.15395336370946128,17,9.7
0.4,6,10,istanbul,8,0.01,0.8028784019963613,0.7387675825010643,0.2373173725719879,26,38.2
0.4,6,10,bangkok,4,0.03,0.49977981786663594,0.3231979169500148,0.4151796394835623,20,7.4
0.4,6,10,nyc_tist,6,0.02,0.9998575809643556,0.9997863714465333,0.19629437678154962,22,3.7
0.4,6,10,saopaulo,8,0.02,0.7130718179733561,0.6436578468830263,0.2553030303030303,31,7.3
0.4,6,10,tokyo_tist,4,0.05,0.9174916066204668,0.8762374099307001,0.11437505583847046,14,12.5
0.5,2,3,istanbul,8,0.01,0.6217781232518982,0.5244735233189012,0.20881104630171934,60,76.0
0.5,2,3,bangkok,4,0.03,0.6813137784255643,0.6202034891474539,0.5057459885327723,10,5.3
0.5,2,3,nyc_tist,6,0.02,0.7962411494397766,0.6946035140383581,0.14893754858771702,36,4.9
0.5,2,3,saopaulo,8,0.02,0.8079676800072167,0.7700979854429947,0.1829313543599258,25,6.1
0.5,2,3,tokyo_tist,4,0.05,0.7294863475523767,0.6147488219573013,0.18040441942880966,58,21.2
0.5,2,5,istanbul,8,0.01,0.38262118529648054,0.29865306475294584,0.24298440563012647,52,65.8
0.5,2,5,bangkok,4,0.03,0.5948887987046116,0.4675487208830452,0.4552901868580621,12,5.6
0.5,2,5,nyc_tist,6,0.02,0.7548925427765477,0.7236362566744708,0.2624384555584348,39,5.3
0.5,2,5,saopaulo,8,0.02,0.9176362707087504,0.87696226754706,0.16631106988249847,23,6.0
0.5,2,5,tokyo_tist,4,0.05,0.5115971251046348,0.32969667033907496,0.18376961791595936,61,21.9
0.5,2,7,istanbul,8,0.01,0.6292779637695363,0.6072851309106665,0.1967388484610221,44,56.5
0.5,2,7,bangkok,4,0.03,0.762046703813008,0.6436172723448426,0.29117683455017945,16,6.4
0.5,2,7,nyc_tist,6,0.02,0.6969679177969845,0.6332560531551852,0.2355964412196597,37,5.0
0.5,2,7,saopaulo,8,0.02,1.0,1.0,0.15681818181818183,29,6.8
0.5,2,7,tokyo_tist,4,0.05,0.8203304774287011,0.7730914359983138,0.16996932606688706,36,15.1
0.5,2,10,istanbul,8,0.01,0.6516673086532324,0.5458400412066132,0.20888592923028373,32,44.2
0.5,2,10,bangkok,4,0.03,0.6952675357041808,0.5435849484339231,0.553916594480881,19,7.1
0.5,2,10,nyc_tist,6,0.02,0.7270391847893425,0.6960731694365405,0.28010279001468424,38,5.1
0.5,2,10,saopaulo,8,0.02,0.6529253942358982,0.5583164254276692,0.18013296227581943,29,6.9
0.5,2,10,tokyo_tist,4,0.05,0.6589983980373845,0.49976372499156446,0.13640072664462907,60,21.7
0.5,3,3,istanbul,8,0.01,0.7841802721476752,0.7259579428751147,0.19960846925922063,22,34.2
0.5,3,3,bangkok,4,0.03,0.6113134151132628,0.4173268089841282,0.32026564369096233,80,18.1
0.5,3,3,nyc_tist,6,0.02,0.7900565491129337,0.6850848236694005,0.22309320203852467,21,3.6
0.5,3,3,saopaulo,8,0.02,0.6072041755394824,0.5182543294195333,0.22198515769944338,60,11.8
0.5,3,3,tokyo_tist,4,0.05,0.9029674709679654,0.8672098105199599,0.09493433395872419,56,20.7
0.5,3,5,istanbul,8,0.01,0.4944196039589917,0.46682955990400465,0.22793293698869,50,64.3
0.5,3,5,bangkok,4,0.03,0.6083889166623854,0.49836241862788266,0.3215526131254382,34,9.5
0.5,3,5,nyc_tist,6,0.02,0.6976622689413569,0.6188764242578242,0.20212490282456597,36,5.0
0.5,3,5,saopaulo,8,0.02,0.6632954910761928,0.623887063741472,0.22589672232529376,80,14.7
0.5,3,5,tokyo_tist,4,0.05,0.7831539959779829,0.6768274024464231,0.11758539563417612,56,20.8
0.5,3,7,istanbul,8,0.01,0.5830348518590521,0.44910414598168497,0.19121623247940053,44,56.4
0.5,3,7,bangkok,4,0.03,0.8221879928081846,0.733501654188166,0.27618694056016174,59,13.7
0.5,3,7,nyc_tist,6,0.02,0.9992517072690612,0.9988776791268823,0.20618467651377728,20,3.5
0.5,3,7,saopaulo,8,0.02,0.7706359259668626,0.6564336955793763,0.19542362399505256,31,7.1
0.5,3,7,tokyo_tist,4,0.05,0.934477418223944,0.9017161273359159,0.07258703356264333,37,15.0
0.5,3,10,istanbul,8,0.01,0.5843179354399819,0.5038187568927336,0.2156681830459701,26,38.4
0.5,3,10,bangkok,4,0.03,0.5733897954136646,0.36136208270155534,0.33933094089015386,80,17.7
0.5,3,10,nyc_tist,6,0.02,0.677675925574731,0.5970715793574,0.2106763410209899,37,5.1
0.5,3,10,saopaulo,8,0.02,0.6078297327124879,0.5556825230919825,0.21697588126159553,80,14.8
0.5,3,10,tokyo_tist,4,0.05,0.9044495064979249,0.8633604029582449,0.11806784001905953,57,20.7
0.5,4,3,istanbul,8,0.01,0.5612366201498392,0.4605334984150891,0.24475217762230658,37,50.7
0.5,4,3,bangkok,4,0.03,0.999677575410522,0.999516363115783,0.1788805015880873,80,17.3
0.5,4,3,nyc_tist,6,0.02,0.8215575054051638,0.7616920951154496,0.23427917422475597,27,4.2
0.5,4,3,saopaulo,8,0.02,0.7463185710599968,0.6204352350244888,0.21376004947433516,80,14.8
0.5,4,3,tokyo_tist,4,0.05,0.7779387128913214,0.666994898579755,0.11723398552666846,37,15.3
0.5,4,5,istanbul,8,0.01,0.5956583469145263,0.5671554668761426,0.21366506470687344,33,45.4
0.5,4,5,bangkok,4,0.03,0.8657654271944226,0.7994081284978511,0.3125438270841067,35,9.7
0.5,4,5,nyc_tist,6,0.02,0.6869533757965537,0.6220104702355033,0.26764273991534937,18,3.3
0.5,4,5,saopaulo,8,0.02,0.7412169795784148,0.626388489212408,0.22702535559678416,80,16.0
0.5,4,5,tokyo_tist,4,0.05,0.8435618743330292,0.7653428114995438,0.08602995920069091,36,15.2
0.5,4,7,istanbul,8,0.01,0.636392265702094,0.5138434228386014,0.21686363551269397,21,32.9
0.5,4,7,bangkok,4,0.03,0.6301240271606839,0.5362712046597898,0.3024625665140453,34,9.4
0.5,4,7,nyc_tist,6,0.02,0.8081624622630746,0.7391980536480239,0.2748121274941695,17,3.3
0.5,4,7,saopaulo,8,0.02,0.9594234887235542,0.9391378704073245,0.17597402597402598,28,6.6
0.5,4,7,tokyo_tist,4,0.05,0.7778696875855048,0.6668045313782571,0.115768784061467,36,15.1
0.5,4,10,istanbul,8,0.01,0.7858184847900272,0.7632335728694,0.21213798784222168,29,42.9
0.5,4,10,bangkok,4,0.03,0.6899027354160934,0.5354135645114009,0.24846759889452627,57,14.2
0.5,4,10,nyc_tist,6,0.02,0.8243463340442583,0.7384305274416059,0.26127235034983154,17,3.5
0.5,4,10,saopaulo,8,0.02,0.5436880893201389,0.5073946569060862,0.2508039579468151,33,7.6
0.5,4,10,tokyo_tist,4,0.05,0.6077189641737403,0.4138669741541373,0.15683611781172757,44,18.3
0.5,5,3,istanbul,8,0.01,0.7092408227838631,0.6330290242024247,0.23037465533794932,47,79.1
0.5,5,3,bangkok,4,0.03,0.5415689752470133,0.36236470926261666,0.3514994018892051,21,11.1
0.5,5,3,nyc_tist,6,0.02,0.6062101060276053,0.5016643510204608,0.254297313639112,18,6.2
0.5,5,3,saopaulo,8,0.02,0.5722672157513956,0.4519069479810932,0.2544063079777365,28,12.2
0.5,5,3,tokyo_tist,4,0.05,0.7869876057086677,0.6826023893748113,0.17946931117662823,57,34.7
0.5,5,5,istanbul,8,0.01,0.6001777239027005,0.5434915762401424,0.24583530569618395,44,74.8
0.5,5,5,bangkok,4,0.03,0.9999014269827328,0.9998521404740991,0.21460215319886153,12,7.1
0.5,5,5,nyc_tist,6,0.02,0.6321593245711051,0.5363780922120474,0.26792346894705016,33,5.8
0.5,5,5,saopaulo,8,0.02,0.6529306822417981,0.5390647254019197,0.2843692022263451,46,11.4
0.5,5,5,tokyo_tist,4,0.05,0.7246529590827686,0.5869794386241528,0.14610321927395098,45,22.8
0.5,5,7,istanbul,8,0.01,0.457598407474459,0.29587515373256645,0.2453031020253158,32,64.7
0.5,5,7,bangkok,4,0.03,0.8604617601381973,0.7908022771989308,0.27567545270799815,19,8.6
0.5,5,7,nyc_tist,6,0.02,0.6039339031786959,0.4863941875595568,0.26829057614235124,35,6.0
0.5,5,7,saopaulo,8,0.02,0.7252993249977419,0.6661752586649712,0.23594619666048236,34,17.9
0.5,5,7,tokyo_tist,4,0.05,0.7284875211789624,0.5927312817684436,0.12591798445456984,36,31.2
0.5,5,10,istanbul,8,0.01,0.5671084489974044,0.41570390222760206,0.2577416913379173,56,100.7
0.5,5,10,bangkok,4,0.03,0.7734422412090093,0.6602215216201623,0.47930536649754574,27,12.4
0.5,5,10,nyc_tist,6,0.02,0.64484591212124,0.5375127727489917,0.27362442774466617,40,7.0
0.5,5,10,saopaulo,8,0.02,0.647778458542095,0.5013933129502888,0.2445269016697588,41,10.8
0.5,5,10,tokyo_tist,4,0.05,0.7730508830559103,0.6851800030678669,0.1337979094076655,40,20.8
0.5,6,3,istanbul,8,0.01,0.5960676163979292,0.47273998132554695,0.25079095093296105,37,61.1
0.5,6,3,bangkok,4,0.03,0.8484164011665764,0.7726326971716724,0.24768386750814667,17,7.7
0.5,6,3,nyc_tist,6,0.02,0.9998006351769791,0.9997009528556051,0.21756499956810918,19,3.9
0.5,6,3,saopaulo,8,0.02,0.5955913491359616,0.49046765371204293,0.27135126777983926,52,12.7
0.5,6,3,tokyo_tist,4,0.05,0.7689091261974035,0.6533664559202941,0.1604157360254921,38,18.9
0.5,6,5,istanbul,8,0.01,0.5801236526236471,0.4902570951217231,0.24875841430049983,34,55.9
0.5,6,5,bangkok,4,0.03,0.8607656037659193,0.7912789827580174,0.2688776141566638,16,7.5
0.5,6,5,nyc_tist,6,0.02,0.6308761000655674,0.5230961957887912,0.2609700267772307,23,4.4
0.5,6,5,saopaulo,8,0.02,0.7350243345576097,0.613996634935678,0.2182591218305504,66,15.6
0.5,6,5,tokyo_tist,4,0.05,1.0,1.0,0.1108549986598767,11,9.3
0.5,6,7,istanbul,8,0.01,0.5473147532306125,0.4916550723428507,0.23831224576577156,31,48.6
0.5,6,7,bangkok,4,0.03,0.9983528002042895,0.9975295570737421,0.3849688569896465,19,7.7
0.5,6,7,nyc_tist,6,0.02,0.719770190988238,0.579655286482357,0.25710460395611984,33,5.2
0.5,6,7,saopaulo,8,0.02,0.7508027302404129,0.6747524323398497,0.1869047619047619,36,8.6
0.5,6,7,tokyo_tist,4,0.05,0.9998857897224873,0.999828684583731,0.108692933083177,22,12.1
0.5,6,10,istanbul,8,0.01,0.8374400126572551,0.7566902365267023,0.23403857005699127,33,49.9
0.5,6,10,bangkok,4,0.03,0.6288036102927332,0.5450971094568048,0.3191766695540981,14,6.7
0.5,6,10,nyc_tist,6,0.02,0.627166844664295,0.5234048531110622,0.27265267340416344,29,4.6
0.5,6,10,saopaulo,8,0.02,0.9091955193227036,0.86401493711381,0.1945269016697588,54,11.7
0.5,6,10,tokyo_tist,4,0.05,0.8092121169153734,0.7138181753730601,0.19027963906012688,80,30.6
0.6,2,3,istanbul,8,0.01,0.8183340985269392,0.8091007395600148,0.2086773267864259,61,80.7
0.6,2,3,bangkok,4,0.03,0.6403475503487361,0.5122647477209649,0.3402136699253393,11,5.9
0.6,2,3,nyc_tist,6,0.02,0.6940614072914583,0.6776297155606976,0.286775503152803,39,5.6
0.6,2,3,saopaulo,8,0.02,0.6157018642205684,0.5354551785416343,0.1619356833642548,21,5.9
0.6,2,3,tokyo_tist,4,0.05,0.6314235242314793,0.4471352863472189,0.19410345751809166,57,22.7
0.6,2,5,istanbul,8,0.01,0.5224011500201248,0.41932783245415484,0.200402763180064,60,79.9
0.6,2,5,bangkok,4,0.03,0.8060867309426659,0.7091464244730946,0.28065008456049173,23,8.1
0.6,2,5,nyc_tist,6,0.02,0.686647980204949,0.5863226755332003,0.27142178457286,42,6.0
0.6,2,5,saopaulo,8,0.02,0.6747637934544043,0.5873159391514859,0.16671304885590602,38,9.5
0.6,2,5,tokyo_tist,4,0.05,0.9022872745600993,0.8534309118401489,0.16000476488281365,11,10.6
0.6,2,7,istanbul,8,0.01,0.5667493229402466,0.4933819509890936,0.2305270955853839,70,94.0
0.6,2,7,bangkok,4,0.03,0.6326492746495807,0.45079667950027535,0.5542795858598358,17,7.3
0.6,2,7,nyc_tist,6,0.02,0.5855861806218413,0.5316463916479718,0.2936209726181221,40,5.9
0.6,2,7,saopaulo,8,0.02,0.8991312975226972,0.8486996363050839,0.14284168212739642,30,7.6
0.6,2,7,tokyo_tist,4,0.05,0.7598908084309048,0.6398362126463574,0.12236219065487358,33,15.4
0.6,2,10,istanbul,8,0.01,0.6136154798591545,0.45461420541513536,0.2020796059018445,28,42.8
0.6,2,10,bangkok,4,0.03,0.5956795416318122,0.5877984985518869,0.5201006476096194,18,7.3
0.6,2,10,nyc_tist,6,0.02,0.6515038891868096,0.6256969591966093,0.3493348881402781,37,5.4
0.6,2,10,saopaulo,8,0.02,0.8168155362921118,0.7699709946928973,0.1659400123685838,29,7.1
0.6,2,10,tokyo_tist,4,0.05,0.7421817119256581,0.6132725678884873,0.11190327287888263,34,15.4
0.6,3,3,istanbul,8,0.01,0.831157982016005,0.7467369730240074,0.21173682929634116,53,71.2
0.6,3,3,bangkok,4,0.03,0.6707370137014147,0.5998338844908934,0.34774574103865036,35,10.8
0.6,3,3,nyc_tist,6,0.02,0.6420460515211156,0.6035413030139495,0.2586378163600242,15,3.2
0.6,3,3,saopaulo,8,0.02,0.8169353773397146,0.7974574824535122,0.18597711811997528,45,9.9
0.6,3,3,tokyo_tist,4,0.05,0.7594388389193178,0.6975422393375029,0.15536496024300903,32,15.0
0.6,3,5,istanbul,8,0.01,0.6620103009356201,0.615147484103684,0.21091579147243908,48,66.6
0.6,3,5,bangkok,4,0.03,0.9978007079645691,0.9967010619468537,0.23874107989935237,80,19.3
0.6,3,5,nyc_tist,6,0.02,0.9163343239054861,0.8745014858582293,0.2041763842100717,80,9.8
0.6,3,5,saopaulo,8,0.02,0.7900409139972662,0.7020744605753401,0.20250463821892395,58,12.4
0.6,3,5,tokyo_tist,4,0.05,0.7719040314508508,0.6742415722221388,0.12124839929717979,56,22.7
0.6,3,7,istanbul,8,0.01,0.5718146958986607,0.5348312284478204,0.21836396847428707,24,39.8
0.6,3,7,bangkok,4,0.03,0.9982749360030795,0.9974124040046192,0.25477044920183145,80,18.9
0.6,3,7,nyc_tist,6,0.02,0.7312199721212634,0.6084964084722911,0.24555152457458754,22,4.2
0.6,3,7,saopaulo,8,0.02,0.7051700229810335,0.625361777164051,0.20471552257266543,27,7.2
0.6,3,7,tokyo_tist,4,0.05,0.785423195536544,0.6798467892742599,0.10524434914678817,58,25.4
0.6,3,10,istanbul,8,0.01,0.6839094485483524,0.5799078894076307,0.19889975582816508,25,40.7
0.6,3,10,bangkok,4,0.03,0.8087402231310575,0.7134498683939191,0.3404364146351524,80,19.8
0.6,3,10,nyc_tist,6,0.02,0.921874665369787,0.8829918412145473,0.20996372117128792,42,5.9
0.6,3,10,saopaulo,8,0.02,0.6784214164987247,0.5697228139340272,0.22959183673469385,62,13.3
0.6,3,10,tokyo_tist,4,0.05,1.0,1.0,0.05034694302986986,10,8.1
0.6,4,3,istanbul,8,0.01,0.5006107474808997,0.478048555353435,0.23163429317201412,32,47.6
0.6,4,3,bangkok,4,0.03,0.8247277694670182,0.7370916542005272,0.2826465371447428,60,15.2
0.6,4,3,nyc_tist,6,0.02,0.7470345158351113,0.6286491900522823,0.2500647836227002,32,5.0
0.6,4,3,saopaulo,8,0.02,0.6646338010436755,0.5384756214570273,0.25655534941249225,42,9.5
0.6,4,3,tokyo_tist,4,0.05,0.8425609335335538,0.763975977919561,0.21038744453378602,57,22.9
0.6,4,5,istanbul,8,0.01,0.5976273292530578,0.5542249500442685,0.2389059604136747,51,69.4
0.6,4,5,bangkok,4,0.03,0.5143191144885408,0.3893962278027385,0.4288825640391041,15,6.6
0.6,4,5,nyc_tist,6,0.02,0.602812502159787,0.4798878987081119,0.3061458063401572,27,4.4
0.6,4,5,saopaulo,8,0.02,0.897136993121979,0.8631636856406745,0.1770408163265306,61,12.8
0.6,4,5,tokyo_tist,4,0.05,0.77685624968107,0.665284374521605,0.11439888025253879,33,15.8
0.6,4,7,istanbul,8,0.01,0.5369348184014321,0.5192893282761538,0.21909675141809545,31,47.5
0.6,4,7,bangkok,4,0.03,0.8730757477133322,0.8096149098520713,0.30846842387493295,62,15.7
0.6,4,7,nyc_tist,6,0.02,0.7395462062779661,0.6093925981321348,0.2953053468083269,16,3.6
0.6,4,7,saopaulo,8,0.02,0.7082904376648901,0.6315950574864294,0.26099257884972166,33,8.4
0.6,4,7,tokyo_tist,4,0.05,0.7417208235615274,0.6125812353422911,0.11340421096518656,42,18.4
0.6,4,10,istanbul,8,0.01,0.6601978419835948,0.5347254940840607,0.23635994084248643,38,55.7
0.6,4,10,bangkok,4,0.03,0.5500022825488774,0.39857602549908633,0.38137194241636757,24,10.2
0.6,4,10,nyc_tist,6,0.02,0.6548113596114807,0.5941839557604994,0.29571564308542797,25,4.4
0.6,4,10,saopaulo,8,0.02,0.772044980389821,0.6693151938772351,0.2026437847866419,21,6.1
0.6,4,10,tokyo_tist,4,0.05,0.8433726677536914,0.765059001630537,0.13925370022930997,34,16.1
0.6,5,3,istanbul,8,0.01,0.5620454587422355,0.463968814062789,0.2602609670060468,28,44.1
0.6,5,3,bangkok,4,0.03,0.863368231964845,0.7953928380281698,0.32786371323681057,23,8.4
0.6,5,3,nyc_tist,6,0.02,0.566396574596283,0.5019795490039658,0.29493823961302584,22,4.0
0.6,5,3,saopaulo,8,0.02,0.8160478209514888,0.7251271189531813,0.2131570810142239,18,5.3
0.6,5,3,tokyo_tist,4,0.05,1.0,1.0,0.1095446558861193,20,11.2
0.6,5,5,istanbul,8,0.01,0.6902740388332607,0.58765626183228,0.24817539721382018,25,40.1
0.6,5,5,bangkok,4,0.03,0.7115361449675954,0.5675694575692835,0.22092150311430103,15,6.5
0.6,5,5,nyc_tist,6,0.02,0.9958560253331563,0.9937854657257253,0.2771875269931761,28,4.5
0.6,5,5,saopaulo,8,0.02,0.7402967032874752,0.6323614179228352,0.2231601731601732,43,9.7
0.6,5,5,tokyo_tist,4,0.05,1.0,1.0,0.09740016081479497,21,12.0
0.6,5,7,istanbul,8,0.01,0.7587671044834196,0.6816128108341205,0.21546760377302984,40,57.8
0.6,5,7,bangkok,4,0.03,0.9985840920839936,0.9978761415841241,0.2724827785340098,12,6.0
0.6,5,7,nyc_tist,6,0.02,0.9992615995598166,0.9988923993397248,0.2859333160577006,28,4.6
0.6,5,7,saopaulo,8,0.02,0.7469806081725862,0.6205673248779762,0.2430117501546073,24,6.5
0.6,5,7,tokyo_tist,4,0.05,0.5186257988062143,0.31513653528014496,0.14037940379403793,80,30.2
0.6,5,10,istanbul,8,0.01,0.5349298170773272,0.49308173923940246,0.23112081023328704,36,60.5
0.6,5,10,bangkok,4,0.03,0.47981739319579614,0.3851780564419805,0.4048838840077548,20,8.2
0.6,5,10,nyc_tist,6,0.02,0.7385119563809198,0.6084202145678362,0.32400449166450723,29,4.9
0.6,5,10,saopaulo,8,0.02,0.8740132720822156,0.8200734528652197,0.19542362399505256,44,10.1
0.6,5,10,tokyo_tist,4,0.05,0.768176959816136,0.652265439724204,0.13579320408588702,38,18.3
0.6,6,3,istanbul,8,0.01,0.49982726546396544,0.42632392188724383,0.2268284137923657,29,45.3
0.6,6,3,bangkok,4,0.03,0.9998956501400519,0.9998434752100779,0.2212102462566514,23,7.3
0.6,6,3,nyc_tist,6,0.02,0.6536127982458774,0.5044302427548516,0.29148311306901614,28,3.9
0.6,6,3,saopaulo,8,0.02,0.7948421096465051,0.6980701487245594,0.16204390847247993,49,9.4
0.6,6,3,tokyo_tist,4,0.05,0.8952423545494196,0.8428635318241293,0.14786026981148934,17,9.4
0.6,6,5,istanbul,8,0.01,0.5086309066719438,0.40434433396275404,0.2563296132564179,36,48.7
0.6,6,5,bangkok,4,0.03,0.6996067267528385,0.5494100901292577,0.29163882357794,12,5.3
0.6,6,5,nyc_tist,6,0.02,0.7091257859007124,0.5636886788510688,0.30454781031355277,31,4.2
0.6,6,5,saopaulo,8,0.02,0.999919629905705,0.9998794448585574,0.17288188002473714,58,10.8
0.6,6,5,tokyo_tist,4,0.05,0.6940005379412711,0.6494746273650233,0.18926710146222345,56,20.0
0.6,6,7,istanbul,8,0.01,0.7436387288548955,0.6972307677316019,0.22030557583634872,38,58.4
0.6,6,7,bangkok,4,0.03,0.9990878712770529,0.9986318421370882,0.27046157653755726,21,9.2
0.6,6,7,nyc_tist,6,0.02,0.7165053524645139,0.575376727466702,0.3154314589271832,44,7.2
0.6,6,7,saopaulo,8,0.02,0.6333983154119573,0.5306859946684378,0.21224489795918366,48,11.4
0.6,6,7,tokyo_tist,4,0.05,1.0,1.0,0.09842461061973257,15,10.0
0.6,6,10,istanbul,8,0.01,0.811564313038163,0.717397073091724,0.21287879395694764,55,75.7
0.6,6,10,bangkok,4,0.03,0.9999304993573396,0.9998957490385946,0.2791321206121355,19,7.2
0.6,6,10,nyc_tist,6,0.02,0.6440000194540336,0.5701924981641764,0.31305605942817655,21,3.6
0.6,6,10,saopaulo,8,0.02,0.8631593170750606,0.8252791831935806,0.2227581941867656,58,12.2
0.6,6,10,tokyo_tist,4,0.05,0.5255174100714056,0.29215878598931727,0.19160189404091843,80,29.2
0.7,2,3,istanbul,8,0.01,0.625386522904983,0.4702656973740755,0.17979658587333555,19,33.2
0.7,2,3,bangkok,4,0.03,0.7973917468648352,0.6964553755384432,0.2658829352802871,22,8.8
0.7,2,3,nyc_tist,6,0.02,0.7811186083866262,0.6925003970984545,0.3013086291785437,63,10.8
0.7,2,3,saopaulo,8,0.02,0.6024064064737211,0.5010887159846007,0.17050092764378477,47,14.8
0.7,2,3,tokyo_tist,4,0.05,0.7023435545349167,0.6127807582551857,0.2011733523928646,30,27.9
0.7,2,5,istanbul,8,0.01,0.7684408909755245,0.6544507863408747,0.22277136369836084,26,94.4
0.7,2,5,bangkok,4,0.03,0.8359869404957077,0.7540488745758501,0.35742276120942124,13,12.8
0.7,2,5,nyc_tist,6,0.02,0.6138422034781029,0.5522294647297987,0.33160577006132846,23,8.9
0.7,2,5,saopaulo,8,0.02,0.7584740831948783,0.6918889520736705,0.20443722943722945,33,17.3
0.7,2,5,tokyo_tist,4,0.05,0.7588319281106614,0.6593242627058722,0.1604157360254921,57,44.8
0.7,2,7,istanbul,8,0.01,0.7554523565731678,0.6559197939869346,0.1931712117929915,35,100.6
0.7,2,7,bangkok,4,0.03,0.6694099675422202,0.5588928248239668,0.4368931237883101,16,14.7
0.7,2,7,nyc_tist,6,0.02,0.5603665535686134,0.47805044852515094,0.3370259998272436,45,11.3
0.7,2,7,saopaulo,8,0.02,0.7094499457162812,0.5728680323277244,0.1427643784786642,49,22.5
0.7,2,7,tokyo_tist,4,0.05,1.0,1.0,0.11394621638524077,8,13.9
0.7,2,10,istanbul,8,0.01,0.5549182833086298,0.43540044443127884,0.18545024697994475,34,74.2
0.7,2,10,bangkok,4,0.03,0.9972058873082746,0.9958089818548905,0.6478983624138926,31,14.7
0.7,2,10,nyc_tist,6,0.02,0.8506585966079531,0.7759878949119295,0.26304310270363657,25,7.4
0.7,2,10,saopaulo,8,0.02,0.799596978162941,0.7340532154792729,0.16725417439703152,40,14.4
0.7,2,10,tokyo_tist,4,0.05,0.6046473687689289,0.46223280701376734,0.2881086393281515,35,20.9
0.7,3,3,istanbul,8,0.01,0.5347996683723157,0.4670637784265061,0.228283282118759,22,42.8
0.7,3,3,bangkok,4,0.03,0.7220803209824406,0.5831204814736608,0.18476261188796764,56,15.7
0.7,3,3,nyc_tist,6,0.02,0.5921536184240183,0.5467499474510369,0.2744666148397685,18,4.1
0.7,3,3,saopaulo,8,0.02,0.6503872301743489,0.49442078002281975,0.18115337043908472,60,15.6
0.7,3,3,tokyo_tist,4,0.05,0.7366331122074387,0.6049496683111579,0.08262902409243872,33,16.8
0.7,3,5,istanbul,8,0.01,0.6033173370381135,0.46282203692348933,0.20548410476121706,25,45.9
0.7,3,5,bangkok,4,0.03,0.6615886028327647,0.49238290424914694,0.3823289196881574,60,18.7
0.7,3,5,nyc_tist,6,0.02,0.6978379202660935,0.547332145878323,0.283579511099594,20,4.6
0.7,3,5,saopaulo,8,0.02,0.6805288011142708,0.5586943424816239,0.19605751391465676,45,12.4
0.7,3,5,tokyo_tist,4,0.05,0.9068166141628455,0.8631602620605253,0.10743023913755623,57,28.2
0.7,3,7,istanbul,8,0.01,0.597981931823817,0.5139613510486656,0.19882219850929483,45,92.4
0.7,3,7,bangkok,4,0.03,0.9978689611672221,0.996803441750833,0.3150435177164543,80,25.8
0.7,3,7,nyc_tist,6,0.02,0.6917078551178862,0.5452626731198492,0.32070052690679796,31,6.0
0.7,3,7,saopaulo,8,0.02,0.6751722195215445,0.5572021298061711,0.2005256648113791,44,14.1
0.7,3,7,tokyo_tist,4,0.05,0.6674657201226882,0.5049556088353621,0.0873760385955508,57,30.9
0.7,3,10,istanbul,8,0.01,0.6936103332079991,0.5893478791837977,0.19525188745095837,41,75.8
0.7,3,10,bangkok,4,0.03,0.6700001727517088,0.6067163466692226,0.41736583756135787,41,15.8
0.7,3,10,nyc_tist,6,0.02,0.7483198327480797,0.6295307942668523,0.27301978059946447,36,8.1
0.7,3,10,saopaulo,8,0.02,0.6866411204902846,0.5607264697305652,0.1854978354978355,47,15.2
0.7,3,10,tokyo_tist,4,0.05,0.5279983052072913,0.30487146267355925,0.15292891390452365,56,30.4
0.7,4,3,istanbul,8,0.01,0.577377756742144,0.5043783034423849,0.23011256508797406,35,59.7
0.7,4,3,bangkok,4,0.03,0.6098967950931208,0.41491497489968976,0.30717320463638986,15,7.7
0.7,4,3,nyc_tist,6,0.02,0.6024185880214635,0.4537708927307731,0.27859117215168006,37,6.2
0.7,4,3,saopaulo,8,0.02,0.6727478338419003,0.5423446708595976,0.19902597402597402,60,14.9
0.7,4,3,tokyo_tist,4,0.05,0.49348426849732224,0.27620339795290083,0.19354358378748623,80,35.4
0.7,4,5,istanbul,8,0.01,0.5786242635944271,0.4654865161046199,0.23365613224325185,55,86.9
0.7,4,5,bangkok,4,0.03,0.5535003465862686,0.5103395211897456,0.40224394670626573,42,13.7
0.7,4,5,nyc_tist,6,0.02,0.7037261638993676,0.5556716095578967,0.3286689124989202,26,5.1
0.7,4,5,saopaulo,8,0.02,0.7021810028773791,0.6184511340376018,0.17529375386518242,61,14.8
0.7,4,5,tokyo_tist,4,0.05,0.8403061738341558,0.7643336983714056,0.13466750052115906,57,27.6
0.7,4,7,istanbul,8,0.01,0.6433030193281138,0.5369064702141791,0.2263710930500619,26,49.9
0.7,4,7,bangkok,4,0.03,0.9993027977669443,0.9989892909689909,0.31904467268902365,64,20.5
0.7,4,7,nyc_tist,6,0.02,0.9990610382942778,0.9987609830732794,0.34665716506867067,22,4.8
0.7,4,7,saopaulo,8,0.02,0.7747376562822516,0.6840651134459178,0.21736239950525663,61,15.5
0.7,4,7,tokyo_tist,4,0.05,0.5826272877547748,0.38634546509945006,0.19403794037940378,41,21.8
0.7,4,10,istanbul,8,0.01,0.6661939125870694,0.5707047298253907,0.2255233113231011,35,63.6
0.7,4,10,bangkok,4,0.03,0.8528012595988432,0.779201889398265,0.42220022274470986,27,11.6
0.7,4,10,nyc_tist,6,0.02,0.6973378605389603,0.5468126432282336,0.3378249978405459,23,6.0
0.7,4,10,saopaulo,8,0.02,0.9616341966519829,0.9504917954291521,0.1833178726035869,58,14.9
0.7,4,10,tokyo_tist,4,0.05,1.0,1.0,0.07320646832841955,14,12.2
0.7,5,3,istanbul,8,0.01,0.42717713989865064,0.3682073567848297,0.24772877403273993,50,83.5
0.7,5,3,bangkok,4,0.03,0.6450109857368459,0.5663418212560554,0.3326650992038939,16,8.2
0.7,5,3,nyc_tist,6,0.02,0.5231809977075309,0.4106538307435342,0.301416601883044,23,5.2
0.7,5,3,saopaulo,8,0.02,0.6036322865981538,0.4372985555930653,0.223747680890538,33,9.6
0.7,5,3,tokyo_tist,4,0.05,0.7213089989639818,0.5819634984459727,0.14280353792548914,33,18.4
0.7,5,5,istanbul,8,0.01,0.7338446862592325,0.7013251519100341,0.23043616631498431,37,65.3
0.7,5,5,bangkok,4,0.03,0.8553222654038671,0.7831096489671853,0.3566060306067731,18,8.9
0.7,5,5,nyc_tist,6,0.02,0.7417373022711637,0.6130288471429725,0.35235812386628657,46,7.5
0.7,5,5,saopaulo,8,0.02,0.8548758796078504,0.7828475232106866,0.20766852195423624,27,8.1
0.7,5,5,tokyo_tist,4,0.05,0.7260736483479873,0.5928348622325469,0.17841508085410526,58,28.1
0.7,5,7,istanbul,8,0.01,0.6047764272794781,0.5372151555174912,0.270543997732117,56,91.2
0.7,5,7,bangkok,4,0.03,0.7046880436343285,0.5570320654514928,0.36475683702512063,43,15.4
0.7,5,7,nyc_tist,6,0.02,0.9441587705427033,0.916795690795985,0.3259695948864127,36,6.6
0.7,5,7,saopaulo,8,0.02,0.786613497855137,0.680609663065678,0.16986703772418058,51,13.3
0.7,5,7,tokyo_tist,4,0.05,0.7879987531703256,0.6871846729677844,0.1297775395336371,58,27.9
0.7,5,10,istanbul,8,0.01,0.7792382780739141,0.6689087560705834,0.273630244145091,63,101.9
0.7,5,10,bangkok,4,0.03,0.700727292018375,0.551882746001687,0.37278389638246096,32,12.7
0.7,5,10,nyc_tist,6,0.02,0.7770022454371069,0.6667380561600218,0.3355575710460396,25,5.0
0.7,5,10,saopaulo,8,0.02,0.845005711019576,0.7680614875688795,0.2054730983302412,35,9.7
0.7,5,10,tokyo_tist,4,0.05,1.0,1.0,0.08667917448405253,16,12.1
0.7,6,3,istanbul,8,0.01,0.5697646801002252,0.43986804479307,0.24147070071700405,35,61.3
0.7,6,3,bangkok,4,0.03,0.9997549167681231,0.9996687189097937,0.24939982675411457,14,7.7
0.7,6,3,nyc_tist,6,0.02,0.712251047361342,0.5692473965564416,0.31037833635656903,25,4.7
0.7,6,3,saopaulo,8,0.02,0.814287281228451,0.7220094482213449,0.24240878169449598,26,7.6
0.7,6,3,tokyo_tist,4,0.05,0.7698612066507055,0.6547918099760581,0.15105274129664373,34,17.6
0.7,6,5,istanbul,8,0.01,0.7599556161314199,0.6764604286046986,0.21770874284934894,35,59.2
0.7,6,5,bangkok,4,0.03,0.7098379488927457,0.5647936676496887,0.33292084312997566,20,8.8
0.7,6,5,nyc_tist,6,0.02,0.70119337749186,0.5518449440459477,0.32957588321672276,28,5.1
0.7,6,5,saopaulo,8,0.02,0.6959172160201486,0.5603598177223329,0.21872294372294374,65,15.1
0.7,6,5,tokyo_tist,4,0.05,0.7732191665410872,0.6598355995934413,0.13875934363739242,38,19.5
0.7,6,7,istanbul,8,0.01,0.7197794822454749,0.5824295548420575,0.2459422813084187,52,112.8
0.7,6,7,bangkok,4,0.03,0.9993377027476283,0.9990065895439436,0.33910819618034066,15,8.1
0.7,6,7,nyc_tist,6,0.02,0.6185029300131648,0.5396386590487082,0.3444545218968645,23,4.6
0.7,6,7,saopaulo,8,0.02,0.7072864368328954,0.5863473467219137,0.21275510204081635,62,15.0
0.7,6,7,tokyo_tist,4,0.05,0.7708477761456352,0.6562837836728317,0.1373417910003276,47,22.9
0.7,6,10,istanbul,8,0.01,0.7172636414948319,0.6224138146982062,0.2438214897958638,43,79.2
0.7,6,10,bangkok,4,0.03,0.7022942910953492,0.5534793316512798,0.3663572990141484,31,11.3
0.7,6,10,nyc_tist,6,0.02,0.7065832450450102,0.5602524264147704,0.34624686879156946,34,6.1
0.7,6,10,saopaulo,8,0.02,0.7065576677777207,0.5869004442154105,0.21759431045145328,41,11.0
0.7,6,10,tokyo_tist,4,0.05,0.7711303333366611,0.6566955000049918,0.18114297626492748,60,27.4
0.8,2,3,istanbul,8,0.01,0.5261740868687007,0.46312422041007045,0.22069603682100572,54,82.5
0.8,2,3,bangkok,4,0.03,0.5520938788987158,0.4367781739290813,0.3872953017365837,19,8.1
0.8,2,3,nyc_tist,6,0.02,0.48278450332952455,0.368727410328655,0.3467651377731709,23,4.6
0.8,2,3,saopaulo,8,0.02,0.6752801446368325,0.5794645110032217,0.16816635745207173,24,7.0
0.8,2,3,tokyo_tist,4,0.05,0.7714353472490831,0.6571566914406616,0.1291819291819292,34,17.2
0.8,2,5,istanbul,8,0.01,0.7926314848890534,0.7291311621882414,0.1819574932404785,70,104.7
0.8,2,5,bangkok,4,0.03,0.6073842745119407,0.5792330454830512,0.44774986594068383,13,7.2
0.8,2,5,nyc_tist,6,0.02,0.6819003599487976,0.5233455383273421,0.3330741988425326,42,6.6
0.8,2,5,saopaulo,8,0.02,0.6881996358962903,0.6363624746374549,0.1889301175015461,48,11.7
0.8,2,5,tokyo_tist,4,0.05,0.8801780249954717,0.8202670374932075,0.09496411447630959,32,16.6
0.8,2,7,istanbul,8,0.01,0.7502381386685991,0.6973867561489441,0.2109050939112156,35,56.4
0.8,2,7,bangkok,4,0.03,0.6863212655254093,0.531972453995665,0.49196056593655896,21,8.7
0.8,2,7,nyc_tist,6,0.02,0.6359854616687853,0.5048430954012364,0.3017405199965449,40,6.3
0.8,2,7,saopaulo,8,0.02,0.8468164472291845,0.7787835447033356,0.1519944341372913,35,9.3
0.8,2,7,tokyo_tist,4,0.05,0.5581168813393389,0.5427531837683647,0.196384645165133,35,18.1
0.8,2,10,istanbul,8,0.01,0.7341231694716686,0.6472480275918013,0.2073267596819615,51,76.5
0.8,2,10,bangkok,4,0.03,0.372341318578274,0.33797133358106307,0.6208307552695623,41,13.6
0.8,2,10,nyc_tist,6,0.02,0.6588664693008416,0.4916693968097174,0.35270363652068754,41,6.4
0.8,2,10,saopaulo,8,0.02,0.811837170704038,0.7995983047968984,0.1678416821273964,36,9.7
0.8,2,10,tokyo_tist,4,0.05,0.4942541270369545,0.280124806008147,0.15892671014622234,74,32.1
0.8,3,3,istanbul,8,0.01,0.6462648695360883,0.6201352725785105,0.23587587619712394,35,57.2
0.8,3,3,bangkok,4,0.03,0.8434940984393272,0.7678935011082686,0.2889823866683166,57,16.0
0.8,3,3,nyc_tist,6,0.02,0.6429032612541504,0.4998092945366012,0.27176729722726095,46,7.0
0.8,3,3,saopaulo,8,0.02,0.5942544651890983,0.5521499043938035,0.20904452690166975,60,13.9
0.8,3,3,tokyo_tist,4,0.05,0.7823768811459099,0.673565321718865,0.08710205783376516,38,18.4
0.8,3,5,istanbul,8,0.01,0.7021516932518791,0.5794343111089074,0.2066501389345764,35,57.0
0.8,3,5,bangkok,4,0.03,0.5750641076014333,0.4208558670928304,0.2826217877325414,39,12.7
0.8,3,5,nyc_tist,6,0.02,0.6965200918299109,0.5500853915310727,0.3252569750367107,40,6.3
0.8,3,5,saopaulo,8,0.02,0.6882627858810534,0.5573990691067441,0.20627705627705628,31,8.7
0.8,3,5,tokyo_tist,4,0.05,0.9292633922986847,0.8942949653264606,0.15138032699008308,80,34.0
0.8,3,7,istanbul,8,0.01,0.7093932849309702,0.6179175607125421,0.20473527547557346,29,49.1
0.8,3,7,bangkok,4,0.03,0.6045273113406502,0.40740989293429003,0.45166027306851464,70,19.1
0.8,3,7,nyc_tist,6,0.02,0.6938765159525232,0.5409582867570164,0.3346937894100372,27,4.9
0.8,3,7,saopaulo,8,0.02,0.7491517507051603,0.6415057930353605,0.18124613481756338,43,10.8
0.8,3,7,tokyo_tist,4,0.05,1.0,1.0,0.05399803448583936,11,9.6
0.8,3,10,istanbul,8,0.01,0.7885630936055353,0.7728051496678287,0.19145157882631705,22,45.9
0.8,3,10,bangkok,4,0.03,0.39072477501679165,0.29881788104141704,0.432966217052345,68,27.8
0.8,3,10,nyc_tist,6,0.02,0.861697732640009,0.7927073863651362,0.27656128530707436,18,4.4
0.8,3,10,saopaulo,8,0.02,0.6886282610864747,0.5624912411889259,0.18164811379097093,80,21.1
0.8,3,10,tokyo_tist,4,0.05,0.7290387708330505,0.5935581562495756,0.07503499210816285,31,24.0
0.8,4,3,istanbul,8,0.01,0.5691001076326591,0.49288737996998394,0.2421847629286713,33,86.2
0.8,4,3,bangkok,4,0.03,0.715034427372712,0.5726230123222374,0.32352431629748796,38,15.4
0.8,4,3,nyc_tist,6,0.02,0.5776333592206333,0.511654174356403,0.32894964153062106,20,5.0
0.8,4,3,saopaulo,8,0.02,0.7562346778351091,0.6712772884013619,0.23325602968460113,58,14.1
0.8,4,3,tokyo_tist,4,0.05,0.8428952477309548,0.7643428715964322,0.07970457726555287,37,16.4
0.8,4,5,istanbul,8,0.01,0.9448689778371132,0.9174468401432923,0.23803678356426694,56,72.7
0.8,4,5,bangkok,4,0.03,0.6438951859984233,0.549556179128357,0.3929381677185167,40,11.0
0.8,4,5,nyc_tist,6,0.02,0.6800293212292702,0.5213534855007111,0.33460741124643695,37,5.0
0.8,4,5,saopaulo,8,0.02,0.955912267927756,0.9341018824135031,0.21388373531230673,50,10.3
0.8,4,5,tokyo_tist,4,0.05,0.6714573168937786,0.5906816943563375,0.22539086929330832,57,21.7
0.8,4,7,istanbul,8,0.01,0.5287578501878005,0.486199036812964,0.22457390276451727,25,44.4
0.8,4,7,bangkok,4,0.03,0.7012402404664281,0.552887047218391,0.37319638658581855,33,10.1
0.8,4,7,nyc_tist,6,0.02,0.9408610662370481,0.9113610309334013,0.3776021421784573,18,3.7
0.8,4,7,saopaulo,8,0.02,0.6973584229567975,0.5935399638965256,0.217547928262214,60,12.5
0.8,4,7,tokyo_tist,4,0.05,0.8449202493155333,0.7673803739733001,0.06761368712588224,38,16.8
0.8,4,10,istanbul,8,0.01,0.6402494952564155,0.5278465776165496,0.208016752380876,41,75.2
0.8,4,10,bangkok,4,0.03,0.9976919152662922,0.9965382784201164,0.3919646908385926,13,7.6
0.8,4,10,nyc_tist,6,0.02,0.9975777891148115,0.9968795568872442,0.34380668566986267,23,5.2
0.8,4,10,saopaulo,8,0.02,0.8636486958532793,0.8148117518381711,0.17161410018552878,64,14.4
0.8,4,10,tokyo_tist,4,0.05,0.5827141594672991,0.3861047355224488,0.18534202924446827,17,10.2
0.8,5,3,istanbul,8,0.01,0.5028845420383646,0.43787710427471044,0.2400078092196931,40,55.2
0.8,5,3,bangkok,4,0.03,0.7167172946704118,0.5753144139205963,0.315835498906901,14,6.1
0.8,5,3,nyc_tist,6,0.02,0.5565023381962547,0.4148055632357196,0.3241124643690075,22,3.7
0.8,5,3,saopaulo,8,0.02,0.6701665239308835,0.6182748666291425,0.2371830550401979,43,9.1
0.8,5,3,tokyo_tist,4,0.05,0.7902456883704865,0.6853685325557297,0.13225527859674202,37,15.9
0.8,5,5,istanbul,8,0.01,0.63515331804944,0.45277440289564286,0.2506866497110321,52,68.1
0.8,5,5,bangkok,4,0.03,0.6456479604861264,0.4698015584113852,0.43683537515983994,17,6.6
0.8,5,5,nyc_tist,6,0.02,0.7223411419504048,0.6037074146346834,0.3345210330828366,39,5.3
0.8,5,5,saopaulo,8,0.02,0.7891815454759673,0.751828381838858,0.19222325293753864,31,7.6
0.8,5,5,tokyo_tist,4,0.05,0.9999619695289278,0.9999429542933919,0.08826945412311266,17,9.8
0.8,5,7,istanbul,8,0.01,0.7775946942405373,0.6858111172594435,0.21660956843363635,43,59.2
0.8,5,7,bangkok,4,0.03,0.7019901149476878,0.5530625482622789,0.3865528193705399,19,7.0
0.8,5,7,nyc_tist,6,0.02,0.601280448324529,0.5487415292283094,0.3605208603265095,29,4.4
0.8,5,7,saopaulo,8,0.02,0.8110882894618774,0.7344508060117074,0.21870748299319728,25,6.2
0.8,5,7,tokyo_tist,4,0.05,0.6671534913684188,0.5022492551423168,0.1856517466273564,44,18.0
0.8,5,10,istanbul,8,0.01,0.7095191077099221,0.6697538570461334,0.2597929487025195,60,76.1
0.8,5,10,bangkok,4,0.03,0.7008666781832046,0.5519923405783088,0.40822505465495196,19,7.1
0.8,5,10,nyc_tist,6,0.02,0.7688645197468169,0.6538770844081504,0.3524660965707869,21,3.6
0.8,5,10,saopaulo,8,0.02,0.9059146713495806,0.8638608809524437,0.1792207792207792,25,6.1
0.8,5,10,tokyo_tist,4,0.05,0.506719782864927,0.317101250503717,0.22169212900920218,35,15.2
0.8,6,3,istanbul,8,0.01,0.6489893147775586,0.57518283610844,0.24440718127284933,24,36.8
0.8,6,3,bangkok,4,0.03,0.9998957810061619,0.9998436715092429,0.29379202243946706,14,5.9
0.8,6,3,nyc_tist,6,0.02,0.7722050843748631,0.6940552812814074,0.31867064006219226,21,3.6
0.8,6,3,saopaulo,8,0.02,0.988370344217973,0.9825557312326065,0.1609925788497217,80,14.9
0.8,6,3,tokyo_tist,4,0.05,0.804907886817015,0.7112074002944331,0.1874743143035826,80,28.8
0.8,6,5,istanbul,8,0.01,0.6293035452603282,0.5130728438438884,0.2409010555818537,56,72.5
0.8,6,5,bangkok,4,0.03,0.4932668694280375,0.4211632721975601,0.4469826341624386,33,9.8
0.8,6,5,nyc_tist,6,0.02,0.5769631497867843,0.5566910638530027,0.35212058391638595,43,5.7
0.8,6,5,saopaulo,8,0.02,0.8381083250256968,0.7861853094730986,0.17905071119356833,47,9.8
0.8,6,5,tokyo_tist,4,0.05,0.773165361593208,0.659748042389812,0.13631734119539,33,14.8
0.8,6,7,istanbul,8,0.01,0.5383604395233853,0.49209374415808427,0.2407325689925839,62,77.6
0.8,6,7,bangkok,4,0.03,0.9987327530541599,0.998099174439667,0.3814379408489048,18,6.8
0.8,6,7,nyc_tist,6,0.02,0.5322837171868945,0.4025318274492549,0.35710892286429985,40,5.3
0.8,6,7,saopaulo,8,0.02,0.7365928448369189,0.6268537197498839,0.15974025974025974,52,10.6
0.8,6,7,tokyo_tist,4,0.05,0.732289678513956,0.598434517770934,0.13929539295392954,19,10.2
0.8,6,10,istanbul,8,0.01,0.7718673091925828,0.659126347816451,0.2112714853831198,50,64.8
0.8,6,10,bangkok,4,0.03,0.9999409717996288,0.9999114576994433,0.41229220806005856,34,9.9
0.8,6,10,nyc_tist,6,0.02,0.7254081715298869,0.6249925013455867,0.3567418156689988,33,4.8
0.8,6,10,saopaulo,8,0.02,0.7558423501263053,0.6343793030629148,0.1681508967223253,35,7.8
0.8,6,10,tokyo_tist,4,0.05,0.49286956278845767,0.31707288495843033,0.22184698770064626,38,16.1
