seed,backbone,method,kstar,CatMRR,CatNDCG,R20,NDCG20,JS,LT20,Coverage,Gini,lensKLmax,n_sink
42,B_blind,BASE,,0.2974538552247622,0.38604366980227184,0.08111111158172389,0.035126455025301005,0.2878570669104754,0.001292027627020711,0.11617409994626544,0.9835358341450846,2.076818097345703,2
42,B_blind,SIT,0.25,0.3161973226044248,0.4001750463656844,0.08303977658540565,0.03600016109223687,0.2908605243382458,0.0013074438666180706,0.13121977431488446,0.9820910938314455,1.5117393664450098,1
42,B_blind,Steck-b,0.75,0.37305190501212304,0.4524906842660042,0.07511317064881366,0.032045744098492736,0.17203058512834232,0.0051758186027490785,0.1767866738312735,0.9704255421442272,1.7519108695375205,2
42,B_blind,UNI_mean,0.05,0.29729607451025014,0.38602690697408926,0.08125174129685116,0.0351744236031902,0.28755744674119366,0.0013470856219064103,0.11671144545943041,0.983535474626144,2.0806532174400507,2
42,B_blind,UNI_glob,2.0,0.30246324645311523,0.3971315322939635,0.07887891200705978,0.03440943478905867,0.27053730007970955,0.19047606948835877,0.23320795271359485,0.9677319817461891,2.127752459858838,2
42,B_full,BASE,,0.3932227200343235,0.46494306749743497,0.06613096984933149,0.02820821269348797,0.3373046847167287,0.013161430184731721,0.11391724879097259,0.9892636039892164,3.3574364237126435,1
42,B_full,SIT,0.1,0.3952626047884139,0.46583877275116325,0.06636062303454975,0.028364854657768317,0.3387786043261865,0.01325686404079794,0.11595916174099946,0.9890505804570173,2.9702788178026407,1
42,B_full,Steck-b,0.75,0.42347816125438814,0.4838394441981596,0.060791109747569724,0.02625174177093883,0.27698612344663337,0.028253560708082295,0.1753895754970446,0.9813862417616159,2.282110217729048,1
42,B_full,UNI_mean,0.05,0.39315081639307686,0.4649858224883647,0.0661278540868591,0.02821455951728048,0.33717646497284226,0.013141976360402834,0.11391724879097259,0.9892590943420461,3.357679602958128,1
42,B_full,UNI_glob,2.0,0.39824247022356907,0.47061089411629226,0.05633106298400759,0.024891919612320627,0.34120161764346474,0.32226435363242373,0.2569586243954863,0.9772486219032319,3.2365606374375826,1
42,B_blind,Steck-a,,0.5073814900795947,0.5944701394233322,0.07553571209692743,0.030652486070444584,,0.0,0.0,0.0,,0
43,B_blind,BASE,,0.2974538552247622,0.38604366980227184,0.08111111158172389,0.035126455025301005,0.2878570669104754,0.001292027627020711,0.11617409994626544,0.9835358341450846,2.231412147049424,2
43,B_blind,SIT,0.25,0.31656185940055864,0.4014547296480584,0.0828232267897228,0.03588348771663254,0.28941546748068486,0.0014906034632727466,0.1350886620096722,0.9820220973579183,1.5369944960486008,1
43,B_blind,Steck-b,0.75,0.3722474492295492,0.45141750257288343,0.07420753879381241,0.03173732743244783,0.17061885204851676,0.005414036193386982,0.17732401934443848,0.9701573025144787,1.7395584001397957,2
43,B_blind,UNI_mean,0.1,0.29770458846387005,0.38654298604946163,0.08130029355304093,0.035189720781466496,0.28688250889012307,0.001361400697907019,0.1169263836646964,0.9835111672168586,2.229175830056559,2
43,B_blind,UNI_glob,2.0,0.30246324645311523,0.3971315322939635,0.07887891200705978,0.03440943478905867,0.27053730007970955,0.19047606948835877,0.23320795271359485,0.9677319817461891,2.1096090871824313,2
43,B_full,BASE,,0.38502079911029363,0.45659701967731836,0.06503995347198595,0.027903572884729964,0.335149292036578,0.01585266501919658,0.1369156367544331,0.9883454023192086,2.7658257190156847,1
43,B_full,SIT,0.1,0.38685004292381103,0.4574166525700638,0.06531026877989132,0.027995626460390614,0.3368457794944478,0.016245779103878845,0.13917248790972594,0.9881306748392205,2.44137744608319,1
43,B_full,Steck-b,0.75,0.41564034667169997,0.47689136054574865,0.05980744962285983,0.025865329053585843,0.2771895562923789,0.03173396013747677,0.19914024717893605,0.9803539422549623,1.808012165279897,1
43,B_full,UNI_mean,1.5,0.3894389456689998,0.46504766112438245,0.06486969389319684,0.02791478835139949,0.3228137340422947,0.015753927674117707,0.1431488447071467,0.9877927533068129,2.733836227924097,1
43,B_full,UNI_glob,2.0,0.39270022534498406,0.46609126662398487,0.05667353251247001,0.025006673104050303,0.33698692376284317,0.30020261515531377,0.30510478237506716,0.9756751447759973,2.6363456400039897,1
43,B_blind,Steck-a,,0.5073814900795947,0.5944701394233322,0.07553571209692743,0.030652486070444584,,0.0,0.0,0.0,,0
44,B_blind,BASE,,0.2974538552247622,0.38604366980227184,0.08111111158172389,0.035126455025301005,0.2878570669104754,0.001292027627020711,0.11617409994626544,0.9835358341450846,2.121797107009421,1
44,B_blind,SIT,0.25,0.3143847727770912,0.39876392429002966,0.08281439245414844,0.035853330647126785,0.2935561919012352,0.0013753487265131018,0.13326168726491133,0.9819399569445102,1.4288192944206286,0
44,B_blind,Steck-b,0.75,0.37473711728700787,0.4538916356647149,0.0745469822701564,0.03184048288187953,0.16985493489411702,0.005338056157547513,0.17646426652337452,0.9700863493963956,1.8447835081758162,1
44,B_blind,UNI_mean,0.75,0.2991750483649686,0.38867193015324164,0.08127501263311891,0.035091931262282924,0.28556074592161385,0.001477756598783019,0.1184309511015583,0.9833608751244844,2.0655874423117315,1
44,B_blind,UNI_glob,2.0,0.30246324645311523,0.3971315322939635,0.07887891200705978,0.03440943478905867,0.27053730007970955,0.19047606948835877,0.23320795271359485,0.9677319817461891,2.119026798029965,1
44,B_full,BASE,,0.3896987207327169,0.4603198878091262,0.06571171259239186,0.027777337586503192,0.33765019347568265,0.013314491435157984,0.11520687802256852,0.9891000064614002,2.926000644008965,1
44,B_full,SIT,0.1,0.391763821014081,0.46125490888728443,0.0660095697964404,0.02793426501730846,0.33996679508160654,0.013434517867409209,0.11649650725416442,0.9888907623355745,2.614189562552059,1
44,B_full,Steck-b,0.75,0.41943066167561904,0.4785924994307703,0.059754609648659834,0.025610424865588437,0.27893915649619955,0.028576567633543232,0.17517463729177862,0.9811401646560456,2.2000409156344904,1
44,B_full,UNI_mean,1.5,0.39368144180271775,0.46744519201807383,0.06515152780400753,0.027630785228703478,0.32694907054063216,0.013458743383401011,0.12165502418054809,0.9885724041718713,2.8659470449644395,1
44,B_full,UNI_glob,2.0,0.39669115333316146,0.4673983002034985,0.0561101744684956,0.024502837423174016,0.3437755619574415,0.31763471025725243,0.2519075765717356,0.9772422183320577,2.8707121967653855,1
44,B_blind,Steck-a,,0.5073814900795947,0.5944701394233322,0.07553571209692743,0.030652486070444584,,0.0,0.0,0.0,,0
45,B_blind,BASE,,0.2974538552247622,0.38604366980227184,0.08111111158172389,0.035126455025301005,0.2878570669104754,0.001292027627020711,0.11617409994626544,0.9835358341450846,2.1303807990083006,1
45,B_blind,SIT,0.25,0.31432368335402483,0.3987510128161287,0.08284496759734275,0.0358747651465088,0.29346480126310015,0.0013881955920420385,0.13315421816227835,0.9819444206755026,1.4392410192753944,0
45,B_blind,Steck-b,0.75,0.3747720244963334,0.45395274789490636,0.0746483884935855,0.03189140949965229,0.16985469908439632,0.005361180516123124,0.17646426652337452,0.9700892548175104,1.8586035184687584,1
45,B_blind,UNI_mean,0.75,0.29895661000251267,0.38834500648923476,0.08132987335427375,0.03512450675817802,0.28594694688473776,0.0014828953448961422,0.11832348199892531,0.9833823851971291,2.066004250019239,1
45,B_blind,UNI_glob,2.0,0.30246324645311523,0.3971315322939635,0.07887891200705978,0.03440943478905867,0.27053730007970955,0.19047606948835877,0.23320795271359485,0.9677319817461891,2.135546875930526,1
45,B_full,BASE,,0.39101834047798933,0.46379288006194874,0.06616151656498147,0.028211466373099545,0.3356541257129857,0.015074879054519954,0.11875335840945728,0.9893073017531537,2.9674108282898763,1
45,B_full,SIT,0.1,0.39301146528947273,0.4644578027865405,0.06621862969357907,0.028332479699900555,0.33779896812291027,0.015246292943280667,0.11972058033315422,0.9890686480786091,2.654849218195333,1
45,B_full,Steck-b,0.75,0.4221268167130212,0.4828788445745604,0.06093151629962914,0.02616958506779307,0.27546801526356385,0.031606959611682826,0.1781837721655024,0.9811609500104572,2.2470486888057017,1
45,B_full,UNI_mean,1.0,0.3944503030657183,0.46920816130865384,0.06616129578182713,0.028152085613600112,0.3279887587383055,0.015186096200449554,0.12079527135948415,0.9889929924969652,2.9247442564033728,1
45,B_full,UNI_glob,2.0,0.39727869658091486,0.47019158492026675,0.05694145701916653,0.024959012578106333,0.34096936043334275,0.32048487901570577,0.25986029016657713,0.9770407728560595,2.8976412331278416,1
45,B_blind,Steck-a,,0.5073814900795947,0.5944701394233322,0.07553571209692743,0.030652486070444584,,0.0,0.0,0.0,,0
46,B_blind,BASE,,0.2974538552247622,0.38604366980227184,0.08111111158172389,0.035126455025301005,0.2878570669104754,0.001292027627020711,0.11617409994626544,0.9835358341450846,2.2206829735197022,2
46,B_blind,SIT,0.25,0.31658561843587935,0.4014568394820062,0.08283537826336514,0.03589369360289625,0.2894316272239221,0.0014817941837059806,0.13519613111230522,0.9820224747857462,1.5291907896361903,1
46,B_blind,Steck-b,0.75,0.37235616209999467,0.45150348826952286,0.07420076774289835,0.03174127974391918,0.1705227323114654,0.005421744312584015,0.17732401934443848,0.9701410438482931,1.7283284350932469,2
46,B_blind,UNI_mean,0.1,0.29769299658039894,0.3864922608703702,0.08128303951254444,0.03518650072171612,0.2868845568174418,0.001361400697907019,0.1169263836646964,0.9835098212890281,2.220413251006631,2
46,B_blind,UNI_glob,2.0,0.30246324645311523,0.3971315322939635,0.07887891200705978,0.03440943478905867,0.27053730007970955,0.19047606948835877,0.23320795271359485,0.9677319817461891,2.088135003585571,2
46,B_full,BASE,,0.39057694280556454,0.4615573365175494,0.06636238154419448,0.028538769143348068,0.3341530504005467,0.01308545017615781,0.11198280494357872,0.9895222188937813,2.6970940664878995,1
46,B_full,SIT,0.1,0.39254520062773013,0.4623038396400847,0.06653770202716634,0.028625101172849866,0.33580199890191215,0.013551974926658567,0.11295002686727566,0.9892768705300266,2.392145181454912,1
46,B_full,Steck-b,0.75,0.42231803611397084,0.4825724434884055,0.060876077572150904,0.026372738841842505,0.27276763109058266,0.028870577320966265,0.17291778613648576,0.9817201481530453,1.7561611965198938,1
46,B_full,UNI_mean,1.5,0.3947057578709417,0.4700664014846808,0.06636358490403729,0.028476549282855132,0.320945529279034,0.013051681265053358,0.11961311123052122,0.9889076526253364,2.643708318060241,1
46,B_full,UNI_glob,2.0,0.3981600396419094,0.46943812659653933,0.05817947449574811,0.025643941194479918,0.33675212658216125,0.3077253724043228,0.25319720580333155,0.9784085131592057,2.652290602390184,1
46,B_blind,Steck-a,,0.5073814900795947,0.5944701394233322,0.07553571209692743,0.030652486070444584,,0.0,0.0,0.0,,0
