city,group,cat,n,share
ml1m,ON-PRIOR,0,10063,0.353
ml1m,ON-PRIOR,1,8,0.00028
ml1m,ON-PRIOR,2,75,0.00263
ml1m,ON-PRIOR,3,4,0.00014
ml1m,ON-PRIOR,4,12044,0.42249
ml1m,ON-PRIOR,5,33,0.00116
ml1m,ON-PRIOR,6,6,0.00021
ml1m,ON-PRIOR,7,5916,0.20753
ml1m,ON-PRIOR,8,0,0.0
ml1m,ON-PRIOR,9,7,0.00025
ml1m,ON-PRIOR,10,343,0.01203
ml1m,ON-PRIOR,11,5,0.00018
ml1m,ON-PRIOR,12,1,4e-05
ml1m,ON-PRIOR,13,0,0.0
ml1m,ON-PRIOR,14,2,7e-05
ml1m,ON-PRIOR,15,0,0.0
ml1m,ON-PRIOR,16,0,0.0
ml1m,ON-PRIOR,17,0,0.0
ml1m,OFF-PRIOR,0,11849,0.17249
ml1m,OFF-PRIOR,1,4357,0.06343
ml1m,OFF-PRIOR,2,3469,0.0505
ml1m,OFF-PRIOR,3,2386,0.03473
ml1m,OFF-PRIOR,4,14857,0.21628
ml1m,OFF-PRIOR,5,3271,0.04762
ml1m,OFF-PRIOR,6,807,0.01175
ml1m,OFF-PRIOR,7,15113,0.22001
ml1m,OFF-PRIOR,8,88,0.00128
ml1m,OFF-PRIOR,9,715,0.01041
ml1m,OFF-PRIOR,10,4669,0.06797
ml1m,OFF-PRIOR,11,889,0.01294
ml1m,OFF-PRIOR,12,1183,0.01722
ml1m,OFF-PRIOR,13,388,0.00565
ml1m,OFF-PRIOR,14,1200,0.01747
ml1m,OFF-PRIOR,15,2431,0.03539
ml1m,OFF-PRIOR,16,160,0.00233
ml1m,OFF-PRIOR,17,860,0.01252
ml1m,ALL,0,21912,0.22543
ml1m,ALL,1,4365,0.04491
ml1m,ALL,2,3544,0.03646
ml1m,ALL,3,2390,0.02459
ml1m,ALL,4,26901,0.27676
ml1m,ALL,5,3304,0.03399
ml1m,ALL,6,813,0.00836
ml1m,ALL,7,21029,0.21635
ml1m,ALL,8,88,0.00091
ml1m,ALL,9,722,0.00743
ml1m,ALL,10,5012,0.05156
ml1m,ALL,11,894,0.0092
ml1m,ALL,12,1184,0.01218
ml1m,ALL,13,388,0.00399
ml1m,ALL,14,1202,0.01237
ml1m,ALL,15,2431,0.02501
ml1m,ALL,16,160,0.00165
ml1m,ALL,17,860,0.00885
nyc_tist,ON-PRIOR,0,413,0.06454
nyc_tist,ON-PRIOR,1,33,0.00516
nyc_tist,ON-PRIOR,2,2406,0.376
nyc_tist,ON-PRIOR,3,972,0.1519
nyc_tist,ON-PRIOR,4,3,0.00047
nyc_tist,ON-PRIOR,5,514,0.08033
nyc_tist,ON-PRIOR,6,122,0.01907
nyc_tist,ON-PRIOR,7,0,0.0
nyc_tist,ON-PRIOR,8,759,0.11861
nyc_tist,ON-PRIOR,9,1177,0.18393
nyc_tist,OFF-PRIOR,0,1676,0.14828
nyc_tist,OFF-PRIOR,1,173,0.01531
nyc_tist,OFF-PRIOR,2,2270,0.20083
nyc_tist,OFF-PRIOR,3,1723,0.15244
nyc_tist,OFF-PRIOR,4,169,0.01495
nyc_tist,OFF-PRIOR,5,986,0.08723
nyc_tist,OFF-PRIOR,6,690,0.06105
nyc_tist,OFF-PRIOR,7,7,0.00062
nyc_tist,OFF-PRIOR,8,1678,0.14846
nyc_tist,OFF-PRIOR,9,1931,0.17084
nyc_tist,ALL,0,2089,0.11801
nyc_tist,ALL,1,206,0.01164
nyc_tist,ALL,2,4676,0.26415
nyc_tist,ALL,3,2695,0.15224
nyc_tist,ALL,4,172,0.00972
nyc_tist,ALL,5,1500,0.08474
nyc_tist,ALL,6,812,0.04587
nyc_tist,ALL,7,7,0.0004
nyc_tist,ALL,8,2437,0.13767
nyc_tist,ALL,9,3108,0.17557
saopaulo,ON-PRIOR,0,164,0.01764
saopaulo,ON-PRIOR,1,419,0.04507
saopaulo,ON-PRIOR,2,1489,0.16016
saopaulo,ON-PRIOR,3,241,0.02592
saopaulo,ON-PRIOR,4,14,0.00151
saopaulo,ON-PRIOR,5,633,0.06809
saopaulo,ON-PRIOR,6,636,0.06841
saopaulo,ON-PRIOR,7,7,0.00075
saopaulo,ON-PRIOR,8,1522,0.16371
saopaulo,ON-PRIOR,9,4172,0.44875
saopaulo,OFF-PRIOR,0,1501,0.10335
saopaulo,OFF-PRIOR,1,783,0.05391
saopaulo,OFF-PRIOR,2,2841,0.19561
saopaulo,OFF-PRIOR,3,1182,0.08138
saopaulo,OFF-PRIOR,4,150,0.01033
saopaulo,OFF-PRIOR,5,1588,0.10934
saopaulo,OFF-PRIOR,6,1318,0.09075
saopaulo,OFF-PRIOR,7,48,0.0033
saopaulo,OFF-PRIOR,8,3317,0.22838
saopaulo,OFF-PRIOR,9,1796,0.12366
saopaulo,ALL,0,1665,0.0699
saopaulo,ALL,1,1202,0.05046
saopaulo,ALL,2,4330,0.18177
saopaulo,ALL,3,1423,0.05974
saopaulo,ALL,4,164,0.00688
saopaulo,ALL,5,2221,0.09324
saopaulo,ALL,6,1954,0.08203
saopaulo,ALL,7,55,0.00231
saopaulo,ALL,8,4839,0.20314
saopaulo,ALL,9,5968,0.25054
yelp,ON-PRIOR,0,2,7e-05
yelp,ON-PRIOR,1,7,0.00025
yelp,ON-PRIOR,2,6,0.00021
yelp,ON-PRIOR,3,40,0.00143
yelp,ON-PRIOR,4,0,0.0
yelp,ON-PRIOR,5,0,0.0
yelp,ON-PRIOR,6,0,0.0
yelp,ON-PRIOR,7,5,0.00018
yelp,ON-PRIOR,8,0,0.0
yelp,ON-PRIOR,9,4,0.00014
yelp,ON-PRIOR,10,5,0.00018
yelp,ON-PRIOR,11,0,0.0
yelp,ON-PRIOR,12,0,0.0
yelp,ON-PRIOR,13,0,0.0
yelp,ON-PRIOR,14,0,0.0
yelp,ON-PRIOR,15,1,4e-05
yelp,ON-PRIOR,16,0,0.0
yelp,ON-PRIOR,17,1,4e-05
yelp,ON-PRIOR,18,0,0.0
yelp,ON-PRIOR,19,27846,0.99739
yelp,ON-PRIOR,20,2,7e-05
yelp,OFF-PRIOR,0,592,0.06687
yelp,OFF-PRIOR,1,475,0.05365
yelp,OFF-PRIOR,2,319,0.03603
yelp,OFF-PRIOR,3,1542,0.17418
yelp,OFF-PRIOR,4,9,0.00102
yelp,OFF-PRIOR,5,32,0.00361
yelp,OFF-PRIOR,6,6,0.00068
yelp,OFF-PRIOR,7,2389,0.26985
yelp,OFF-PRIOR,8,281,0.03174
yelp,OFF-PRIOR,9,359,0.04055
yelp,OFF-PRIOR,10,404,0.04563
yelp,OFF-PRIOR,11,28,0.00316
yelp,OFF-PRIOR,12,239,0.027
yelp,OFF-PRIOR,13,10,0.00113
yelp,OFF-PRIOR,14,711,0.08031
yelp,OFF-PRIOR,15,233,0.02632
yelp,OFF-PRIOR,16,1,0.00011
yelp,OFF-PRIOR,17,92,0.01039
yelp,OFF-PRIOR,18,2,0.00023
yelp,OFF-PRIOR,19,180,0.02033
yelp,OFF-PRIOR,20,949,0.1072
yelp,ALL,0,594,0.01615
yelp,ALL,1,482,0.01311
yelp,ALL,2,325,0.00884
yelp,ALL,3,1582,0.04302
yelp,ALL,4,9,0.00024
yelp,ALL,5,32,0.00087
yelp,ALL,6,6,0.00016
yelp,ALL,7,2394,0.0651
yelp,ALL,8,281,0.00764
yelp,ALL,9,363,0.00987
yelp,ALL,10,409,0.01112
yelp,ALL,11,28,0.00076
yelp,ALL,12,239,0.0065
yelp,ALL,13,10,0.00027
yelp,ALL,14,711,0.01934
yelp,ALL,15,234,0.00636
yelp,ALL,16,1,3e-05
yelp,ALL,17,93,0.00253
yelp,ALL,18,2,5e-05
yelp,ALL,19,28026,0.76216
yelp,ALL,20,951,0.02586
kuairand,ON-PRIOR,0,1,8e-05
kuairand,ON-PRIOR,1,1,8e-05
kuairand,ON-PRIOR,2,12,0.00092
kuairand,ON-PRIOR,3,356,0.02738
kuairand,ON-PRIOR,4,0,0.0
kuairand,ON-PRIOR,5,0,0.0
kuairand,ON-PRIOR,6,18,0.00138
kuairand,ON-PRIOR,7,0,0.0
kuairand,ON-PRIOR,8,121,0.00931
kuairand,ON-PRIOR,9,0,0.0
kuairand,ON-PRIOR,10,1,8e-05
kuairand,ON-PRIOR,11,1,8e-05
kuairand,ON-PRIOR,12,163,0.01254
kuairand,ON-PRIOR,13,0,0.0
kuairand,ON-PRIOR,14,0,0.0
kuairand,ON-PRIOR,15,0,0.0
kuairand,ON-PRIOR,16,0,0.0
kuairand,ON-PRIOR,17,10,0.00077
kuairand,ON-PRIOR,18,0,0.0
kuairand,ON-PRIOR,19,1,8e-05
kuairand,ON-PRIOR,20,14,0.00108
kuairand,ON-PRIOR,21,0,0.0
kuairand,ON-PRIOR,22,2314,0.17797
kuairand,ON-PRIOR,23,0,0.0
kuairand,ON-PRIOR,24,0,0.0
kuairand,ON-PRIOR,25,1,8e-05
kuairand,ON-PRIOR,26,0,0.0
kuairand,ON-PRIOR,27,0,0.0
kuairand,ON-PRIOR,28,0,0.0
kuairand,ON-PRIOR,29,9135,0.70258
kuairand,ON-PRIOR,30,10,0.00077
kuairand,ON-PRIOR,31,0,0.0
kuairand,ON-PRIOR,32,0,0.0
kuairand,ON-PRIOR,33,0,0.0
kuairand,ON-PRIOR,34,0,0.0
kuairand,ON-PRIOR,35,321,0.02469
kuairand,ON-PRIOR,36,0,0.0
kuairand,ON-PRIOR,37,0,0.0
kuairand,ON-PRIOR,38,0,0.0
kuairand,ON-PRIOR,39,0,0.0
kuairand,ON-PRIOR,40,150,0.01154
kuairand,ON-PRIOR,41,7,0.00054
kuairand,ON-PRIOR,42,365,0.02807
kuairand,OFF-PRIOR,0,496,0.01247
kuairand,OFF-PRIOR,1,462,0.01162
kuairand,OFF-PRIOR,2,2184,0.05492
kuairand,OFF-PRIOR,3,4433,0.11148
kuairand,OFF-PRIOR,4,201,0.00505
kuairand,OFF-PRIOR,5,136,0.00342
kuairand,OFF-PRIOR,6,1615,0.04061
kuairand,OFF-PRIOR,7,133,0.00334
kuairand,OFF-PRIOR,8,2304,0.05794
kuairand,OFF-PRIOR,9,381,0.00958
kuairand,OFF-PRIOR,10,368,0.00925
kuairand,OFF-PRIOR,11,879,0.0221
kuairand,OFF-PRIOR,12,2303,0.05791
kuairand,OFF-PRIOR,13,270,0.00679
kuairand,OFF-PRIOR,14,181,0.00455
kuairand,OFF-PRIOR,15,6,0.00015
kuairand,OFF-PRIOR,16,202,0.00508
kuairand,OFF-PRIOR,17,907,0.02281
kuairand,OFF-PRIOR,18,288,0.00724
kuairand,OFF-PRIOR,19,243,0.00611
kuairand,OFF-PRIOR,20,858,0.02158
kuairand,OFF-PRIOR,21,568,0.01428
kuairand,OFF-PRIOR,22,2941,0.07396
kuairand,OFF-PRIOR,23,165,0.00415
kuairand,OFF-PRIOR,24,40,0.00101
kuairand,OFF-PRIOR,25,164,0.00412
kuairand,OFF-PRIOR,26,210,0.00528
kuairand,OFF-PRIOR,27,240,0.00604
kuairand,OFF-PRIOR,28,135,0.00339
kuairand,OFF-PRIOR,29,3653,0.09186
kuairand,OFF-PRIOR,30,881,0.02215
kuairand,OFF-PRIOR,31,17,0.00043
kuairand,OFF-PRIOR,32,121,0.00304
kuairand,OFF-PRIOR,33,381,0.00958
kuairand,OFF-PRIOR,34,5,0.00013
kuairand,OFF-PRIOR,35,3017,0.07587
kuairand,OFF-PRIOR,36,438,0.01101
kuairand,OFF-PRIOR,37,47,0.00118
kuairand,OFF-PRIOR,38,59,0.00148
kuairand,OFF-PRIOR,39,3,8e-05
kuairand,OFF-PRIOR,40,1864,0.04687
kuairand,OFF-PRIOR,41,732,0.01841
kuairand,OFF-PRIOR,42,5235,0.13165
kuairand,ALL,0,497,0.00942
kuairand,ALL,1,463,0.00877
kuairand,ALL,2,2196,0.04162
kuairand,ALL,3,4789,0.09076
kuairand,ALL,4,201,0.00381
kuairand,ALL,5,136,0.00258
kuairand,ALL,6,1633,0.03095
kuairand,ALL,7,133,0.00252
kuairand,ALL,8,2425,0.04596
kuairand,ALL,9,381,0.00722
kuairand,ALL,10,369,0.00699
kuairand,ALL,11,880,0.01668
kuairand,ALL,12,2466,0.04673
kuairand,ALL,13,270,0.00512
kuairand,ALL,14,181,0.00343
kuairand,ALL,15,6,0.00011
kuairand,ALL,16,202,0.00383
kuairand,ALL,17,917,0.01738
kuairand,ALL,18,288,0.00546
kuairand,ALL,19,244,0.00462
kuairand,ALL,20,872,0.01653
kuairand,ALL,21,568,0.01076
kuairand,ALL,22,5255,0.09959
kuairand,ALL,23,165,0.00313
kuairand,ALL,24,40,0.00076
kuairand,ALL,25,165,0.00313
kuairand,ALL,26,210,0.00398
kuairand,ALL,27,240,0.00455
kuairand,ALL,28,135,0.00256
kuairand,ALL,29,12788,0.24234
kuairand,ALL,30,891,0.01689
kuairand,ALL,31,17,0.00032
kuairand,ALL,32,121,0.00229
kuairand,ALL,33,381,0.00722
kuairand,ALL,34,5,9e-05
kuairand,ALL,35,3338,0.06326
kuairand,ALL,36,438,0.0083
kuairand,ALL,37,47,0.00089
kuairand,ALL,38,59,0.00112
kuairand,ALL,39,3,6e-05
kuairand,ALL,40,2014,0.03817
kuairand,ALL,41,739,0.014
kuairand,ALL,42,5600,0.10612
