city,seed,backbone,group,n_requests,n_cats_supported,macroCatMRR_sit,macroCatMRR_steck,delta,ci_lo,ci_hi,kappa_sit,kappa_steck
ml1m,42,B_blind,ON-PRIOR,28507,6,0.697583,0.72663,-0.029048,-0.045974,-0.013153,0.5,0.05
ml1m,42,B_blind,OFF-PRIOR,68692,18,0.114228,0.096226,0.018002,0.016693,0.019401,0.5,0.05
ml1m,42,EASE,ON-PRIOR,28507,6,0.642734,0.717677,-0.074943,-0.09452,-0.056692,0.1,0.05
ml1m,42,EASE,OFF-PRIOR,68692,18,0.123814,0.106505,0.017309,0.016054,0.018617,0.1,0.05
ml1m,42,AFM,ON-PRIOR,28507,6,0.500143,0.574927,-0.074784,-0.089664,-0.061133,0.25,0.25
ml1m,42,AFM,OFF-PRIOR,68692,18,0.211047,0.193152,0.017895,0.016392,0.019282,0.25,0.25
ml1m,42,SASRec,ON-PRIOR,28507,6,0.688853,0.713045,-0.024191,-0.034293,-0.016186,0.05,0.1
ml1m,42,SASRec,OFF-PRIOR,68692,18,0.336399,0.330947,0.005452,0.003954,0.006999,0.05,0.1
ml1m,43,B_blind,ON-PRIOR,28507,6,0.697591,0.72663,-0.029039,-0.045969,-0.013144,0.5,0.05
ml1m,43,B_blind,OFF-PRIOR,68692,18,0.114231,0.096226,0.018005,0.016703,0.019408,0.5,0.05
ml1m,43,EASE,ON-PRIOR,28507,6,0.64344,0.717677,-0.074236,-0.093991,-0.056126,0.1,0.05
ml1m,43,EASE,OFF-PRIOR,68692,18,0.123782,0.106504,0.017277,0.01603,0.018591,0.1,0.05
ml1m,43,AFM,ON-PRIOR,28507,6,0.500173,0.574928,-0.074755,-0.08963,-0.061107,0.25,0.25
ml1m,43,AFM,OFF-PRIOR,68692,18,0.211038,0.193152,0.017886,0.016389,0.01928,0.25,0.25
ml1m,43,SASRec,ON-PRIOR,28507,6,0.688852,0.713037,-0.024184,-0.034292,-0.016183,0.05,0.1
ml1m,43,SASRec,OFF-PRIOR,68692,18,0.336397,0.330954,0.005442,0.003945,0.007,0.05,0.1
ml1m,44,B_blind,ON-PRIOR,28507,6,0.697587,0.72663,-0.029043,-0.045971,-0.013149,0.5,0.05
ml1m,44,B_blind,OFF-PRIOR,68692,18,0.114227,0.096226,0.018002,0.016693,0.019401,0.5,0.05
ml1m,44,EASE,ON-PRIOR,28507,6,0.643239,0.717677,-0.074438,-0.094188,-0.05634,0.1,0.05
ml1m,44,EASE,OFF-PRIOR,68692,18,0.123802,0.106505,0.017297,0.016047,0.018609,0.1,0.05
ml1m,44,AFM,ON-PRIOR,28507,6,0.500151,0.574932,-0.074782,-0.089664,-0.061132,0.25,0.25
ml1m,44,AFM,OFF-PRIOR,68692,18,0.211048,0.193152,0.017896,0.016394,0.019283,0.25,0.25
ml1m,44,SASRec,ON-PRIOR,28507,6,0.688853,0.713045,-0.024191,-0.034293,-0.016186,0.05,0.1
ml1m,44,SASRec,OFF-PRIOR,68692,18,0.336399,0.330947,0.005452,0.003954,0.006999,0.05,0.1
ml1m,45,B_blind,ON-PRIOR,28507,6,0.697587,0.72663,-0.029043,-0.045971,-0.013149,0.5,0.05
ml1m,45,B_blind,OFF-PRIOR,68692,18,0.114227,0.096226,0.018001,0.016692,0.0194,0.5,0.05
ml1m,45,EASE,ON-PRIOR,28507,6,0.642734,0.717677,-0.074943,-0.09452,-0.056692,0.1,0.05
ml1m,45,EASE,OFF-PRIOR,68692,18,0.123801,0.106505,0.017296,0.016048,0.018605,0.1,0.05
ml1m,45,AFM,ON-PRIOR,28507,6,0.500147,0.574927,-0.07478,-0.08966,-0.061132,0.25,0.25
ml1m,45,AFM,OFF-PRIOR,68692,18,0.21105,0.193152,0.017898,0.016395,0.019286,0.25,0.25
ml1m,45,SASRec,ON-PRIOR,28507,6,0.688852,0.713045,-0.024193,-0.034296,-0.016186,0.05,0.1
ml1m,45,SASRec,OFF-PRIOR,68692,18,0.336403,0.330947,0.005456,0.003955,0.007003,0.05,0.1
ml1m,46,B_blind,ON-PRIOR,28507,6,0.697587,0.72663,-0.029043,-0.045971,-0.013149,0.5,0.05
ml1m,46,B_blind,OFF-PRIOR,68692,18,0.114227,0.096226,0.018001,0.016692,0.0194,0.5,0.05
ml1m,46,EASE,ON-PRIOR,28507,6,0.643239,0.717677,-0.074438,-0.094188,-0.05634,0.1,0.05
ml1m,46,EASE,OFF-PRIOR,68692,18,0.123802,0.106505,0.017298,0.016047,0.018609,0.1,0.05
ml1m,46,AFM,ON-PRIOR,28507,6,0.500151,0.574932,-0.074782,-0.089664,-0.061132,0.25,0.25
ml1m,46,AFM,OFF-PRIOR,68692,18,0.211052,0.193152,0.0179,0.016396,0.019286,0.25,0.25
ml1m,46,SASRec,ON-PRIOR,28507,6,0.688852,0.713045,-0.024193,-0.034296,-0.016186,0.05,0.1
ml1m,46,SASRec,OFF-PRIOR,68692,18,0.336401,0.330947,0.005454,0.003955,0.007003,0.05,0.1
nyc_tist,42,B_blind,ON-PRIOR,6399,8,0.416621,0.711343,-0.294722,-0.31464,-0.274712,0.5,1.0
nyc_tist,42,B_blind,OFF-PRIOR,11303,9,0.222189,0.208097,0.014092,0.004564,0.023978,0.5,1.0
nyc_tist,42,EASE,ON-PRIOR,6399,8,0.437474,0.728397,-0.290923,-0.309696,-0.270478,0.1,0.1
nyc_tist,42,EASE,OFF-PRIOR,11303,9,0.175186,0.197722,-0.022537,-0.034053,-0.010769,0.1,0.1
nyc_tist,42,AFM,ON-PRIOR,6399,8,0.436435,0.733878,-0.297442,-0.317529,-0.275321,1.0,1.5
nyc_tist,42,AFM,OFF-PRIOR,11303,9,0.185531,0.212588,-0.027057,-0.038896,-0.015197,1.0,1.5
nyc_tist,42,SASRec,ON-PRIOR,6399,8,0.471915,0.649284,-0.177369,-0.194241,-0.160725,0.25,0.5
nyc_tist,42,SASRec,OFF-PRIOR,11303,9,0.269975,0.256101,0.013874,0.00707,0.020364,0.25,0.5
nyc_tist,43,B_blind,ON-PRIOR,6399,8,0.418883,0.693735,-0.274852,-0.297775,-0.250895,0.5,1.0
nyc_tist,43,B_blind,OFF-PRIOR,11303,9,0.218132,0.203937,0.014195,0.004675,0.023742,0.5,1.0
nyc_tist,43,EASE,ON-PRIOR,6399,8,0.427724,0.720801,-0.293077,-0.313963,-0.273743,0.1,0.1
nyc_tist,43,EASE,OFF-PRIOR,11303,9,0.171212,0.193505,-0.022293,-0.033591,-0.011153,0.1,0.1
nyc_tist,43,AFM,ON-PRIOR,6399,8,0.413759,0.710332,-0.296573,-0.317944,-0.272387,1.0,1.5
nyc_tist,43,AFM,OFF-PRIOR,11303,9,0.18118,0.205708,-0.024528,-0.035942,-0.013595,1.0,1.5
nyc_tist,43,SASRec,ON-PRIOR,6399,8,0.475423,0.633761,-0.158338,-0.17287,-0.14437,0.25,0.5
nyc_tist,43,SASRec,OFF-PRIOR,11303,9,0.270239,0.25498,0.015258,0.008903,0.021613,0.25,0.5
nyc_tist,44,B_blind,ON-PRIOR,6399,8,0.418044,0.711268,-0.293224,-0.314055,-0.270785,0.5,1.0
nyc_tist,44,B_blind,OFF-PRIOR,11303,9,0.221378,0.205032,0.016346,0.006548,0.026736,0.5,1.0
nyc_tist,44,EASE,ON-PRIOR,6399,8,0.44659,0.726452,-0.279863,-0.298873,-0.259363,0.1,0.1
nyc_tist,44,EASE,OFF-PRIOR,11303,9,0.180955,0.196444,-0.015489,-0.027141,-0.003467,0.1,0.1
nyc_tist,44,AFM,ON-PRIOR,6399,8,0.445232,0.737754,-0.292522,-0.315016,-0.269036,1.0,1.5
nyc_tist,44,AFM,OFF-PRIOR,11303,9,0.187909,0.213077,-0.025168,-0.037075,-0.013404,1.0,1.5
nyc_tist,44,SASRec,ON-PRIOR,6399,8,0.478363,0.654691,-0.176328,-0.192357,-0.16004,0.25,0.5
nyc_tist,44,SASRec,OFF-PRIOR,11303,9,0.272289,0.253992,0.018296,0.011472,0.025126,0.25,0.5
nyc_tist,45,B_blind,ON-PRIOR,6399,8,0.408839,0.716039,-0.3072,-0.326783,-0.287919,0.5,1.0
nyc_tist,45,B_blind,OFF-PRIOR,11303,9,0.221669,0.203732,0.017936,0.008543,0.027453,0.5,1.0
nyc_tist,45,EASE,ON-PRIOR,6399,8,0.399149,0.735679,-0.33653,-0.353947,-0.317219,0.05,0.1
nyc_tist,45,EASE,OFF-PRIOR,11303,9,0.200292,0.194944,0.005348,-0.005641,0.016691,0.05,0.1
nyc_tist,45,AFM,ON-PRIOR,6399,8,0.429603,0.754323,-0.324721,-0.348161,-0.301074,1.0,1.5
nyc_tist,45,AFM,OFF-PRIOR,11303,9,0.190219,0.210801,-0.020581,-0.032744,-0.008532,1.0,1.5
nyc_tist,45,SASRec,ON-PRIOR,6399,8,0.468818,0.655594,-0.186777,-0.20167,-0.17109,0.25,0.5
nyc_tist,45,SASRec,OFF-PRIOR,11303,9,0.275777,0.253326,0.022451,0.016056,0.028814,0.25,0.5
nyc_tist,46,B_blind,ON-PRIOR,6399,8,0.401513,0.668132,-0.26662,-0.289812,-0.244,0.5,1.0
nyc_tist,46,B_blind,OFF-PRIOR,11303,9,0.222143,0.204017,0.018126,0.009356,0.026686,0.5,1.0
nyc_tist,46,EASE,ON-PRIOR,6399,8,0.424119,0.695645,-0.271526,-0.290876,-0.253236,0.1,0.1
nyc_tist,46,EASE,OFF-PRIOR,11303,9,0.184811,0.194298,-0.009487,-0.020289,0.001773,0.1,0.1
nyc_tist,46,AFM,ON-PRIOR,6399,8,0.441884,0.746893,-0.305008,-0.329553,-0.281422,2.0,2.0
nyc_tist,46,AFM,OFF-PRIOR,11303,9,0.18229,0.200697,-0.018406,-0.030383,-0.006542,2.0,2.0
nyc_tist,46,SASRec,ON-PRIOR,6399,8,0.47318,0.623883,-0.150703,-0.16647,-0.137268,0.25,0.5
nyc_tist,46,SASRec,OFF-PRIOR,11303,9,0.274737,0.254739,0.019998,0.014464,0.025416,0.25,0.5
saopaulo,42,B_blind,ON-PRIOR,9297,8,0.294659,0.667444,-0.372785,-0.38313,-0.329026,0.25,0.75
saopaulo,42,B_blind,OFF-PRIOR,14524,10,0.175785,0.15598,0.019805,0.014321,0.025183,0.25,0.75
saopaulo,42,EASE,ON-PRIOR,9297,8,0.349581,0.630362,-0.280781,-0.293084,-0.268109,0.05,0.05
saopaulo,42,EASE,OFF-PRIOR,14524,10,0.171016,0.158203,0.012813,0.003257,0.021729,0.05,0.05
saopaulo,42,AFM,ON-PRIOR,9297,8,0.374404,0.76729,-0.392886,-0.404434,-0.374448,0.5,1.0
saopaulo,42,AFM,OFF-PRIOR,14524,10,0.201074,0.193482,0.007592,-0.002941,0.016909,0.5,1.0
saopaulo,42,SASRec,ON-PRIOR,9297,8,0.458145,0.681723,-0.223578,-0.233109,-0.211634,0.25,0.5
saopaulo,42,SASRec,OFF-PRIOR,14524,10,0.238599,0.223947,0.014652,0.009254,0.01961,0.25,0.5
saopaulo,43,B_blind,ON-PRIOR,9297,8,0.288284,0.638547,-0.350263,-0.360367,-0.308649,0.25,0.75
saopaulo,43,B_blind,OFF-PRIOR,14524,10,0.168873,0.155698,0.013175,0.008135,0.018195,0.25,0.75
saopaulo,43,EASE,ON-PRIOR,9297,8,0.33406,0.609496,-0.275436,-0.287492,-0.263381,0.05,0.05
saopaulo,43,EASE,OFF-PRIOR,14524,10,0.16317,0.162045,0.001125,-0.010017,0.011144,0.05,0.05
saopaulo,43,AFM,ON-PRIOR,9297,8,0.361906,0.752331,-0.390425,-0.401327,-0.37458,0.5,1.0
saopaulo,43,AFM,OFF-PRIOR,14524,10,0.193372,0.191757,0.001616,-0.008139,0.010286,0.5,1.0
saopaulo,43,SASRec,ON-PRIOR,9297,8,0.451639,0.67206,-0.220421,-0.231033,-0.21101,0.25,0.5
saopaulo,43,SASRec,OFF-PRIOR,14524,10,0.236267,0.2247,0.011566,0.006776,0.016761,0.25,0.5
saopaulo,44,B_blind,ON-PRIOR,9297,8,0.288689,0.63542,-0.346731,-0.356801,-0.305499,0.25,0.75
saopaulo,44,B_blind,OFF-PRIOR,14524,10,0.169142,0.155345,0.013797,0.00878,0.018647,0.25,0.75
saopaulo,44,EASE,ON-PRIOR,9297,8,0.338808,0.605284,-0.266476,-0.278145,-0.254955,0.05,0.05
saopaulo,44,EASE,OFF-PRIOR,14524,10,0.163469,0.161794,0.001675,-0.00929,0.011397,0.05,0.05
saopaulo,44,AFM,ON-PRIOR,9297,8,0.362714,0.745478,-0.382764,-0.393955,-0.367079,0.5,1.0
saopaulo,44,AFM,OFF-PRIOR,14524,10,0.193895,0.191803,0.002091,-0.007683,0.010656,0.5,1.0
saopaulo,44,SASRec,ON-PRIOR,9297,8,0.452919,0.668946,-0.216027,-0.226559,-0.206499,0.25,0.5
saopaulo,44,SASRec,OFF-PRIOR,14524,10,0.236416,0.224705,0.01171,0.006828,0.016633,0.25,0.5
saopaulo,45,B_blind,ON-PRIOR,9297,8,0.287038,0.67078,-0.383742,-0.394274,-0.338892,0.25,0.75
saopaulo,45,B_blind,OFF-PRIOR,14524,10,0.168738,0.156432,0.012306,0.00684,0.017837,0.25,0.75
saopaulo,45,EASE,ON-PRIOR,9297,8,0.333274,0.631329,-0.298055,-0.309287,-0.2859,0.05,0.05
saopaulo,45,EASE,OFF-PRIOR,14524,10,0.161864,0.159425,0.002439,-0.007228,0.011171,0.05,0.05
saopaulo,45,AFM,ON-PRIOR,9297,8,0.379317,0.776207,-0.396889,-0.407799,-0.380248,0.5,1.0
saopaulo,45,AFM,OFF-PRIOR,14524,10,0.196206,0.194285,0.001921,-0.008253,0.011346,0.5,1.0
saopaulo,45,SASRec,ON-PRIOR,9297,8,0.452326,0.761583,-0.309257,-0.367466,-0.298536,0.25,0.75
saopaulo,45,SASRec,OFF-PRIOR,14524,10,0.234963,0.214675,0.020288,0.013326,0.027134,0.25,0.75
saopaulo,46,B_blind,ON-PRIOR,9297,8,0.289079,0.667686,-0.378607,-0.388845,-0.334584,0.25,0.75
saopaulo,46,B_blind,OFF-PRIOR,14524,10,0.169751,0.156786,0.012965,0.007567,0.01825,0.25,0.75
saopaulo,46,EASE,ON-PRIOR,9297,8,0.333233,0.627539,-0.294306,-0.305192,-0.282033,0.05,0.05
saopaulo,46,EASE,OFF-PRIOR,14524,10,0.162861,0.159351,0.00351,-0.006332,0.012343,0.05,0.05
saopaulo,46,AFM,ON-PRIOR,9297,8,0.379981,0.774369,-0.394388,-0.405292,-0.377924,0.5,1.0
saopaulo,46,AFM,OFF-PRIOR,14524,10,0.196963,0.192428,0.004535,-0.005289,0.013392,0.5,1.0
saopaulo,46,SASRec,ON-PRIOR,9297,8,0.45251,0.759883,-0.307372,-0.365774,-0.296529,0.25,0.75
saopaulo,46,SASRec,OFF-PRIOR,14524,10,0.236179,0.214964,0.021215,0.014201,0.028321,0.25,0.75
yelp,42,B_blind,ON-PRIOR,27919,2,0.502008,0.495266,0.006742,-0.003947,0.014362,0.5,0.05
yelp,42,B_blind,OFF-PRIOR,8853,16,0.085711,0.093226,-0.007515,-0.010201,-0.005345,0.5,0.05
yelp,42,EASE,ON-PRIOR,27919,2,0.524745,0.601587,-0.076842,-0.150266,-0.003747,0.05,0.05
yelp,42,EASE,OFF-PRIOR,8853,16,0.067511,0.078657,-0.011146,-0.018481,-0.003832,0.05,0.05
yelp,42,AFM,ON-PRIOR,27919,2,0.5032,0.508952,-0.005751,-0.028421,0.004012,0.25,0.1
yelp,42,AFM,OFF-PRIOR,8853,16,0.077385,0.078612,-0.001226,-0.002649,0.000457,0.25,0.1
yelp,42,SASRec,ON-PRIOR,27919,2,0.716327,0.731135,-0.014809,-0.046085,0.012896,0.25,0.05
yelp,42,SASRec,OFF-PRIOR,8853,16,0.114745,0.1165,-0.001755,-0.004945,0.001883,0.25,0.05
yelp,43,B_blind,ON-PRIOR,27919,2,0.497014,0.495886,0.001128,-0.001418,0.003777,0.05,0.05
yelp,43,B_blind,OFF-PRIOR,8853,16,0.092315,0.09265,-0.000335,-0.001207,0.000506,0.05,0.05
yelp,43,EASE,ON-PRIOR,27919,2,0.450184,0.6498,-0.199616,-0.274144,-0.12812,0.05,0.05
yelp,43,EASE,OFF-PRIOR,8853,16,0.068575,0.076731,-0.008156,-0.018207,0.000761,0.05,0.05
yelp,43,AFM,ON-PRIOR,27919,2,0.501162,0.50941,-0.008248,-0.023478,-0.001235,0.05,0.1
yelp,43,AFM,OFF-PRIOR,8853,16,0.079801,0.078893,0.000909,0.00015,0.001874,0.05,0.1
yelp,43,SASRec,ON-PRIOR,27919,2,0.729845,0.738889,-0.009044,-0.023597,-0.001085,0.05,0.05
yelp,43,SASRec,OFF-PRIOR,8853,16,0.117336,0.115942,0.001394,-0.001154,0.004264,0.05,0.05
yelp,44,B_blind,ON-PRIOR,27919,2,0.503349,0.49526,0.008089,0.000981,0.014853,0.25,0.05
yelp,44,B_blind,OFF-PRIOR,8853,16,0.089392,0.093285,-0.003892,-0.006255,-0.001898,0.25,0.05
yelp,44,EASE,ON-PRIOR,27919,2,0.49155,0.604539,-0.112989,-0.189233,-0.039976,0.05,0.05
yelp,44,EASE,OFF-PRIOR,8853,16,0.064897,0.079134,-0.014237,-0.022119,-0.006654,0.05,0.05
yelp,44,AFM,ON-PRIOR,27919,2,0.503858,0.509064,-0.005205,-0.028451,0.007146,0.25,0.05
yelp,44,AFM,OFF-PRIOR,8853,16,0.078387,0.07839,-3e-06,-0.001585,0.001854,0.25,0.05
yelp,44,SASRec,ON-PRIOR,27919,2,0.730606,0.732537,-0.001931,-0.01007,0.002213,0.1,0.05
yelp,44,SASRec,OFF-PRIOR,8853,16,0.116795,0.116583,0.000212,-0.002437,0.003303,0.1,0.05
yelp,45,B_blind,ON-PRIOR,27919,2,0.497014,0.495886,0.001128,-0.001418,0.003777,0.05,0.05
yelp,45,B_blind,OFF-PRIOR,8853,16,0.092315,0.09265,-0.000335,-0.001207,0.000506,0.05,0.05
yelp,45,EASE,ON-PRIOR,27919,2,0.450184,0.6498,-0.199616,-0.274144,-0.12812,0.05,0.05
yelp,45,EASE,OFF-PRIOR,8853,16,0.068575,0.076731,-0.008156,-0.018207,0.000761,0.05,0.05
yelp,45,AFM,ON-PRIOR,27919,2,0.501162,0.50941,-0.008248,-0.023478,-0.001235,0.05,0.1
yelp,45,AFM,OFF-PRIOR,8853,16,0.079801,0.078893,0.000909,0.00015,0.001874,0.05,0.1
yelp,45,SASRec,ON-PRIOR,27919,2,0.729845,0.738889,-0.009044,-0.023597,-0.001085,0.05,0.05
yelp,45,SASRec,OFF-PRIOR,8853,16,0.117336,0.115942,0.001394,-0.001154,0.004264,0.05,0.05
yelp,46,B_blind,ON-PRIOR,27919,2,0.497014,0.495886,0.001128,-0.001418,0.003777,0.05,0.05
yelp,46,B_blind,OFF-PRIOR,8853,16,0.092315,0.09265,-0.000335,-0.001207,0.000506,0.05,0.05
yelp,46,EASE,ON-PRIOR,27919,2,0.450184,0.6498,-0.199616,-0.274144,-0.12812,0.05,0.05
yelp,46,EASE,OFF-PRIOR,8853,16,0.068575,0.076731,-0.008156,-0.018207,0.000761,0.05,0.05
yelp,46,AFM,ON-PRIOR,27919,2,0.501162,0.50941,-0.008248,-0.023478,-0.001235,0.05,0.1
yelp,46,AFM,OFF-PRIOR,8853,16,0.079801,0.078893,0.000909,0.00015,0.001874,0.05,0.1
yelp,46,SASRec,ON-PRIOR,27919,2,0.729845,0.738889,-0.009044,-0.023597,-0.001085,0.05,0.05
yelp,46,SASRec,OFF-PRIOR,8853,16,0.117336,0.115942,0.001394,-0.001154,0.004264,0.05,0.05
kuairand,42,B_blind,ON-PRIOR,13002,8,0.441618,0.587221,-0.145603,-0.165513,-0.1349,0.1,0.25
kuairand,42,B_blind,OFF-PRIOR,39766,39,0.07462,0.074541,7.9e-05,-0.001037,0.00126,0.1,0.25
kuairand,42,EASE,ON-PRIOR,13002,8,0.362695,0.511675,-0.148981,-0.202373,-0.126569,0.05,0.05
kuairand,42,EASE,OFF-PRIOR,39766,39,0.069772,0.071566,-0.001795,-0.004099,0.000492,0.05,0.05
kuairand,42,AFM,ON-PRIOR,13002,8,0.231769,0.34935,-0.117581,-0.138585,-0.110024,0.25,0.25
kuairand,42,AFM,OFF-PRIOR,39766,39,0.064665,0.0674,-0.002736,-0.003398,-0.002086,0.25,0.25
kuairand,42,SASRec,ON-PRIOR,13002,8,0.511745,0.54293,-0.031184,-0.036749,-0.025892,0.05,0.05
kuairand,42,SASRec,OFF-PRIOR,39766,39,0.100052,0.100004,4.9e-05,-0.000485,0.000623,0.05,0.05
kuairand,43,B_blind,ON-PRIOR,13002,8,0.443279,0.587865,-0.144586,-0.165068,-0.134014,0.1,0.25
kuairand,43,B_blind,OFF-PRIOR,39766,39,0.074594,0.074554,4e-05,-0.001088,0.001195,0.1,0.25
kuairand,43,EASE,ON-PRIOR,13002,8,0.36305,0.513151,-0.150101,-0.203324,-0.127735,0.05,0.05
kuairand,43,EASE,OFF-PRIOR,39766,39,0.069661,0.071695,-0.002034,-0.004352,0.000251,0.05,0.05
kuairand,43,AFM,ON-PRIOR,13002,8,0.231895,0.349166,-0.117271,-0.138698,-0.109674,0.25,0.25
kuairand,43,AFM,OFF-PRIOR,39766,39,0.064669,0.067421,-0.002752,-0.003413,-0.002097,0.25,0.25
kuairand,43,SASRec,ON-PRIOR,13002,8,0.512372,0.542778,-0.030405,-0.035798,-0.025054,0.05,0.05
kuairand,43,SASRec,OFF-PRIOR,39766,39,0.10004,0.09995,9e-05,-0.000426,0.000674,0.05,0.05
kuairand,44,B_blind,ON-PRIOR,13002,8,0.441613,0.587224,-0.145611,-0.165522,-0.134903,0.1,0.25
kuairand,44,B_blind,OFF-PRIOR,39766,39,0.07462,0.07454,7.9e-05,-0.001035,0.00126,0.1,0.25
kuairand,44,EASE,ON-PRIOR,13002,8,0.362676,0.511643,-0.148966,-0.202375,-0.126529,0.05,0.05
kuairand,44,EASE,OFF-PRIOR,39766,39,0.069781,0.071566,-0.001785,-0.004084,0.000499,0.05,0.05
kuairand,44,AFM,ON-PRIOR,13002,8,0.231766,0.34935,-0.117584,-0.138589,-0.110023,0.25,0.25
kuairand,44,AFM,OFF-PRIOR,39766,39,0.064664,0.0674,-0.002736,-0.003397,-0.002088,0.25,0.25
kuairand,44,SASRec,ON-PRIOR,13002,8,0.511742,0.542936,-0.031194,-0.036761,-0.025901,0.05,0.05
kuairand,44,SASRec,OFF-PRIOR,39766,39,0.100048,0.100004,4.4e-05,-0.00049,0.000619,0.05,0.05
kuairand,45,B_blind,ON-PRIOR,13002,8,0.440992,0.588091,-0.1471,-0.166839,-0.136175,0.1,0.25
kuairand,45,B_blind,OFF-PRIOR,39766,39,0.074631,0.074542,8.9e-05,-0.001018,0.00128,0.1,0.25
kuairand,45,EASE,ON-PRIOR,13002,8,0.362399,0.51126,-0.148861,-0.202153,-0.126969,0.05,0.05
kuairand,45,EASE,OFF-PRIOR,39766,39,0.069789,0.071556,-0.001767,-0.00403,0.000531,0.05,0.05
kuairand,45,AFM,ON-PRIOR,13002,8,0.231796,0.350056,-0.118259,-0.139369,-0.110603,0.25,0.25
kuairand,45,AFM,OFF-PRIOR,39766,39,0.064806,0.067404,-0.002598,-0.003251,-0.001921,0.25,0.25
kuairand,45,SASRec,ON-PRIOR,13002,8,0.511682,0.543041,-0.031359,-0.036873,-0.0261,0.05,0.05
kuairand,45,SASRec,OFF-PRIOR,39766,39,0.100135,0.1,0.000135,-0.000406,0.000723,0.05,0.05
kuairand,46,B_blind,ON-PRIOR,13002,8,0.440988,0.588089,-0.147101,-0.166841,-0.136175,0.1,0.25
kuairand,46,B_blind,OFF-PRIOR,39766,39,0.074625,0.074541,8.3e-05,-0.001021,0.001275,0.1,0.25
kuairand,46,EASE,ON-PRIOR,13002,8,0.362321,0.511258,-0.148937,-0.202215,-0.127074,0.05,0.05
kuairand,46,EASE,OFF-PRIOR,39766,39,0.069781,0.07158,-0.001799,-0.00406,0.000498,0.05,0.05
kuairand,46,AFM,ON-PRIOR,13002,8,0.231796,0.350049,-0.118252,-0.139367,-0.11059,0.25,0.25
kuairand,46,AFM,OFF-PRIOR,39766,39,0.064799,0.067399,-0.0026,-0.003253,-0.001924,0.25,0.25
kuairand,46,SASRec,ON-PRIOR,13002,8,0.511658,0.543041,-0.031382,-0.036885,-0.026129,0.05,0.05
kuairand,46,SASRec,OFF-PRIOR,39766,39,0.100127,0.100001,0.000126,-0.000424,0.000715,0.05,0.05
